Продукт,"Жиры, г","Белки, г","Углеводы, г","Калорийность, Ккал"
Арахис,"45,2","26,3","9,9","552,0"
Арахис жареный,"52,0","26,0","13,4","626,0"
Горох отварной,"0,8","10,5","20,4","130,0"
Горошек зеленый,"0,2","5,0","8,3","55,0"
"Горошек зеленый, консервы","0,2","3,1","6,5","40,0"
Горчица,"30,8","25,8","23,4","474,0"
Грецкий орех,"60,8","16,2","11,1","656,0"
Каштаны,"2,0","2,0","46,0","213,0"
Кедровые орехи,"68,0","14,0","13,0","673,0"
Кешью,"48,5","18,5","22,5","600,0"
Кунжут,"48,7","19,4","12,2","565,0"
Лещина,"62,6","13,0","9,3","653,0"
Мак,"47,5","17,5","14,5","556,0"
Миндаль,"53,7","18,6","13,0","609,0"
Миндаль жареный,"55,9","22,4","12,3","642,0"
Мука соевая полуобезжиренная,"9,5","43,0","19,1","334,0"
Оливки (мякоть),"23,7","1,6","19,0","296,0"
"Оливки, консервы","16,3","1,8","5,2","175,0"
Подсолнечник,"52,9","20,7","10,5","601,0"
Рапс (низкоэруковый),"43,6","30,8","7,2","544,0"
Семечки подсолнечника,"51,0","21,0","20,0","584,0"
Сладкий попкорн,"13,0","4,0","79,0","431,0"
Соленый попкорн,"30,0","9,0","56,0","527,0"
"Соя, зерно","17,3","34,9","17,3","364,0"
Суп с бобовыми (фасоль),"1,3","3,0","6,9","54,0"
Тыквенные семечки,"42,0","33,0","12,0","500,0"
Фасоль (стручок),"0,3","2,5","3,0","23,0"
"Фасоль, зерно","2,0","21,0","47,0","298,0"
Фисташки,"44,0","21,0","28,0","557,0"
Фундук,"61,5","15,0","9,4","651,0"
Фундук жареный,"66,1","17,8","9,4","703,0"
"Чечевица, зерно","1,5","24,0","46,3","295,0"
Майонез «Провансаль»,"67,0","2,8","3,7","629,0"
Майонез столовый молочный,"67,0","2,4","3,9","627,0"
Маргарин низкокалорийный 60% жирности,"60,0","0,5","0,7","545,0"
Маргарин «Здоровье»,"82,0","0,5","0,7","743,0"
Маргарин «Экстра»,"82,0","0,5","1,0","744,0"
Маргарин молочный столовый,"82,0","0,3","1,0","743,0"
Маргарин сливочный,"82,0","0,3","1,0","743,0"
Масло сладко-сливочное «Бутербродное»,"61,5","1,3","1,7","566,0"
Масло сладко-сливочное «Вологодское»,"82,5","0,5","0,8","748,0"
Масло сладко-сливочное несоленое,"82,5","0,5","0,8","748,0"
Шпик свиной,"92,8","1,4","0,0","841,0"
Шпик свиной соленый,"90,0","1,4","0,0","816,0"
Баранки простые из муки 1 сорта,"1,3","10,4","64,2","311,0"
Батон нарезной из муки высшего сорта,"2,9","7,5","51,4","262,0"
Батон нарезной из муки 1 сорта,"3,0","7,7","50,1","259,0"
Батон простой из муки 1 сорта,"1,0","8,0","49,1","238,0"
Биточки перловые с творогом,"6,4","7,9","18,9","166,0"
Биточки пшенные,"5,9","6,9","22,2","170,0"
Блины из муки 1 сорта,"3,1","5,1","32,6","189,0"
Бублики простые из муки 1 сорта,"1,1","9,1","57,1","276,0"
Булка ярославская из муки 1 сорта,"5,3","7,6","53,7","294,0"
Булки городские из муки высшего сорта,"2,4","7,7","52,9","265,0"
Булочки молочные из муки высшего сорта,"2,2","8,8","50,3","257,0"
Булочки сдобные из муки высшего сорта,"9,4","7,9","55,5","339,0"
Вареники из муки 1 сорта,"6,4","12,0","16,2","172,0"
Ватрушка из муки высшего сорта,"6,4","11,9","37,5","256,0"
Галеты из муки 1 сорта,"1,4","11,0","69,5","345,0"
Галеты из муки высшего сорта,"10,2","9,7","65,6","393,0"
Галушки из муки 1 сорта,"1,0","3,9","20,3","106,0"
Жареный рис,"5,5","4,2","21,0","151,0"
Запеканка рисовая,"5,6","4,0","19,4","144,0"
Запеканка рисовая с творогом,"7,1","5,1","26,1","189,0"
Зерно мягкой пшеницы,"2,2","11,8","59,5","305,0"
"Зерно продовольственное, гречиха","3,2","10,8","56,0","296,0"
"Зерно продовольственное, кукуруза","4,9","10,3","60,0","325,0"
"Зерно продовольственное, овес","6,2","10,0","55,1","316,0"
"Зерно продовольственное, просо","3,9","11,2","54,6","298,0"
"Зерно продовольственное, рис","2,6","7,5","62,3","303,0"
"Зерно продовольственное, рожь","2,2","9,9","55,8","283,0"
"Зерно продовольственное, ячмень","2,4","10,3","56,4","288,0"
Зерно твердой пшеницы,"2,5","13,0","57,5","304,0"
Каша гречневая из крупы ядрица,"3,4","3,0","14,6","101,0"
Каша из хлопьев «Геркулес» овсяная,"4,0","2,4","14,8","105,0"
Каша манная вязкая,"2,9","2,2","16,4","100,0"
Каша овсяная,"4,1","2,6","15,5","109,0"
Каша перловая,"3,5","2,9","22,9","135,0"
Каша пшеничная рассыпчатая из крупы «Полтавская»,"3,6","4,4","25,7","153,0"
Каша пшенная,"3,4","2,8","16,8","109,0"
Каша рисовая,"3,5","2,4","25,8","144,0"
Каша ячневая,"2,9","2,1","15,3","96,0"
Клецки из муки высшего сорта,"4,1","4,1","19,4","131,0"
Котлеты манные,"5,3","3,0","20,2","141,0"
Крахмал кукурузный,"0,6","1,0","83,5","343,0"
Крекеры с отрубями,"14,1","9,2","63,2","416,0"
Крупа «Артек»,"1,2","11,0","68,5","329,0"
Крупа «Полтавская»,"1,3","11,5","67,9","329,0"
Крупа гречневая продел,"2,3","9,5","60,4","300,0"
Крупа гречневая ядрица,"3,3","12,6","57,1","308,0"
Крупа кукурузная,"1,2","8,3","71,0","328,0"
Крупа манная,"1,0","10,3","70,6","333,0"
Крупа овсяная,"6,1","12,3","59,5","342,0"
Крупа перловая ячневая,"1,1","9,3","66,9","315,0"
Крупа пшено шлифованное,"3,3","11,5","66,5","342,0"
Крупа рисовая,"1,0","7,0","74,0","333,0"
Крупа ячневая,"1,3","10,0","65,4","313,0"
Кус-кус,"0,2","3,8","23,1","111,0"
Лапша домашняя,"3,7","12,0","60,1","322,0"
Лапшевник с творогом,"7,4","7,7","20,3","180,0"
Макароны из муки 1 сорта ,"1,6","11,2","68,4","333,0"
Макароны из муки в/с,"1,3","11,0","70,5","338,0"
Макароны отварные,"0,4","3,6","20,0","98,0"
Макароны отварные с жиром,"5,0","3,4","19,0","135,0"
Макароны яичные,"2,1","11,3","69,6","342,0"
"Макароны, запеченные с яйцом","8,3","4,6","14,8","152,0"
Мука 1 сорта из зерна твердой пшеницы,"1,5","11,1","67,8","329,0"
Мука 1 сорта из муки высшего сорта,"1,3","10,6","69,0","330,0"
Мука 2 сорта из муки 1 сорта,"1,8","11,6","64,8","322,0"
Мука высшего сорта,"1,3","10,8","69,9","334,0"
Мука кукурузная,"1,5","7,2","72,1","331,0"
Мука обдирная ржаная,"1,7","8,9","61,8","298,0"
Мука обойная из муки 2 сорта,"2,2","11,5","61,5","312,0"
Овсяная каша на молоке,"3,0","5,7","13,8","84,0"
Оладьи из муки 1 сорта,"6,6","6,5","31,6","213,0"
Отварной белый рис,"0,5","2,2","24,9","116,0"
Отварной дикий рис,"0,3","4,0","21,1","100,0"
Отварной коричневый рис,"0,9","2,6","22,8","110,0"
Пампушки с чесноком из муки 1 сорта,"3,3","8,6","58,8","299,0"
Печенье сахарное из муки 1 сорта,"9,4","7,4","73,1","407,0"
Печенье сахарное из муки высшего сорта,"9,8","7,5","74,4","417,0"
Печенье сдобное из муки высшего сорта,"16,8","6,4","68,5","451,0"
Пирожки печеные простые из муки 1 сорта,"7,3","12,7","33,2","250,0"
Пряники сырцовые из муки высшего сорта,"2,1","6,3","75,6","346,0"
Пудинг рисовый,"5,7","5,6","32,0","202,0"
Рожки к чаю из муки высшего сорта,"5,6","8,4","56,8","312,0"
Сдоба обыкновенная из муки 1 сорта,"5,3","8,1","54,9","301,0"
Семя льна,"42,2","18,3","28,9","534,0"
Соломка сладкая из муки 1 сорта,"6,1","9,1","69,3","372,0"
Суп харчо с мясом и рисом,"4,5","3,1","5,5","75,0"
Суп перловый с грибами,"1,2","1,6","6,4","43,0"
Суп пшенный с мясом,"2,2","2,9","6,4","57,0"
Суп рисовый,"1,1","0,9","6,2","38,0"
Суп-пюре из рисовой крупы,"1,3","1,4","7,7","48,0"
Сухари сливочные из муки высшего сорта,"10,8","8,5","66,7","399,0"
Сушки простые из муки 1 сорта,"1,3","10,9","68,8","331,0"
Сушки простые из муки высшего сорта,"1,2","10,7","71,2","339,0"
Хлеб зерновой (мука в/с и зерно дробленое),"1,4","8,6","45,1","228,0"
Хлеб паляница из муки 1 сорта,"1,0","8,3","49,9","243,0"
Хлеб подовый (из обдирной ржаной муки),"1,2","6,1","39,9","197,0"
Хлеб подовый (из сеяной ржаной муки),"1,0","4,9","44,8","210,0"
Хлеб подовый из муки 2 сорта,"1,3","8,6","45,2","228,0"
Хлеб подовый из обойной муки,"1,5","8,0","40,1","208,0"
Хлеб пшеничный подовый из муки 1 сорта,"1,0","7,9","48,3","235,0"
Хлеб соловецкий (мука 1 и 2 сорта),"1,2","8,3","47,9","237,0"
Хлеб формовой (из обойной ржаной муки),"1,2","6,6","33,4","174,0"
Хлопья «Геркулес» овсяные,"6,2","12,3","61,8","352,0"
Агар,"0,0","2,0","0,8","12,0"
Вафли с жировыми начинками,"30,6","3,9","62,5","542,0"
Вафли с фруктово-ягодными начинками,"3,3","2,8","77,3","354,0"
Глазурь жировая,"37,2","3,9","48,9","547,0"
Глазурь шоколадная,"34,5","4,9","52,5","542,0"
Драже сахарное,"0,0","0,0","97,7","393,0"
"Зeфир, глазированный шоколадом","12,3","2,2","68,4","396,0"
Зефир,"0,1","0,8","79,8","326,0"
Ирис полутвердый,"7,6","3,3","81,5","408,0"
Ирис тираженный с орехом,"15,9","6,6","68,2","443,0"
Какао велла,"4,5","15,0","11,0","147,0"
Какао тертое,"49,4","13,5","13,6","559,0"
Какао-порошок,"15,0","24,3","10,2","289,0"
Карамель глазированная,"0,8","1,0","92,9","378,0"
Карамель леденцовая,"0,0","0,0","95,8","384,0"
Карамель с молочной начинкой,"1,0","0,8","91,2","377,0"
Карамель с фруктово-ягодной начинкой,"0,1","0,1","92,4","371,0"
Карамель с шоколадно-ореховой начинкой,"8,0","1,6","87,1","427,0"
Конфеты помадные,"16,2","3,7","70,9","445,0"
Конфеты шоколадные,"26,3","4,0","59,2","491,0"
Крахмал картофельный,"0,0","0,1","78,2","313,0"
Крахмал кукурузный,"0,6","1,0","83,5","343,0"
Мармелад желейный,"9,2","1,5","64,2","349,0"
Мед пчелиный,"0,0","0,1","79,4","321,0"
Мука из зародышей пшеницы,"0,0","0,8","80,3","328,0"
Пастила,"7,7","33,8","32,7","335,0"
"Пастила, глазированная шоколадом","0,0","0,5","80,0","324,0"
Патока кукурузная,"12,0","1,9","70,9","402,0"
Пектин,"0,3","0,0","78,3","316,0"
Пирожное бисквитное с белковым кремом,"0,0","3,5","9,3","52,0"
Пирожное вафельное молочное,"7,3","4,4","63,1","336,0"
Пирожное воздушное с кремом,"36,7","4,8","55,3","572,0"
Пирожное заварное с кремом (трубочка),"20,8","2,6","60,5","440,0"
Пирожное крошковое,"24,5","4,4","48,8","433,0"
Пирожное миндальное,"19,4","5,9","47,5","388,0"
Пирожное песочное с кремом,"16,2","8,5","63,2","433,0"
Пирожное слоеное с белковым кремом,"28,2","5,1","52,1","485,0"
Плитки кондитерские,"26,0","6,1","50,6","461,0"
Плитки кондитерские сладкие,"34,6","7,8","48,1","537,0"
Повидло морковное,"34,2","6,2","54,5","552,0"
Подварка апельсиновая,"0,4","0,5","65,8","282,0"
Подварка кабачковая,"0,1","0,4","66,3","268,0"
Подварка морковная,"0,1","0,2","67,2","272,0"
Подварка свекольная,"0,4","0,5","65,8","271,0"
Пралине с ржаной мукой,"0,1","0,5","65,9","269,0"
"Пралине с соевой мукой (*раффинозы и стахиозы менее 0,3%)","37,7","4,7","52,0","567,0"
Рожь молотая жареная,"32,2","9,9","51,2","535,0"
Ром-баба,"1,7","7,9","68,7","322,0"
"Рулет бисквитный (производства ""Рошен"")","4,2","4,0","60,6","291,0"
Сахар-песок,"16,3","3,3","54,1","380,0"
Сахар-рафинад,"0,0","0,0","99,9","387,0"
Сироп из шиповника,"0,0","0,0","99,9","400,0"
Торт бисквитный с фруктовой начинкой,"0,0","0,2","70,5","285,0"
Торт миндальный,"2,6","3,9","61,3","285,0"
Торт слоеный,"28,7","7,8","44,6","468,0"
Фосфатидный концентрат соевый,"37,7","8,5","42,2","542,0"
Халва тахинно-арахисовая,"93,7","0,0","0,0","843,0"
Халва тахинно-шоколадная,"29,2","12,7","47,0","502,0"
Цукаты морковные,"28,1","12,8","48,4","498,0"
Чурчхела,"0,2","2,9","70,5","300,0"
Шикозин,"15,0","5,0","6,3","410,0"
Шоколад молочно-ореховый,"99,6","0,2","0,0","897,0"
Шоколад молочно-ореховый с изюмом,"33,9","7,5","51,3","542,0"
Шоколад горький,"30,3","8,0","48,2","500,0"
Шоколад молочный,"35,4","6,2","48,2","539,0"
Шоколад ореховый,"34,7","9,8","50,4","554,0"
Шоколад полугорький,"33,8","7,3","49,7","534,0"
Шоколад сладкий,"35,4","4,5","52,5","549,0"
Шоколад сливочный,"34,0","3,0","57,6","550,0"
Шоколадная паста,"35,5","6,3","53,7","560,0"
"Cливки пастеризованные 20,0% жирности","30,6","8,2","56,6","536,0"
Бри,"3,2","2,8","8,6","77,0"
"Варенец 2,5% жирности","66,0","50,0","1,0","802,0"
Гауда,"2,5","2,9","4,1","53,0"
Дор Блю,"27,0","25,0","2,0","356,0"
"Йогурт плодово-ягодный, 1,5% жирности","29,0","21,0","2,0","353,0"
"Йогурт сладкий 3,2% жирности","1,5","4,0","14,3","90,0"
Какао со сгущенным молоком и сахаром,"6,0","5,0","3,5","92,0"
Камамбер,"7,5","8,2","51,6","321,0"
"Кефир 1,0% жирности","24,0","20,0","0,0","300,0"
Кефир нежирный,"1,0","3,0","4,0","40,0"
"Кефир 2,5% жирности","0,1","3,0","4,0","31,0"
"Кефир 3,2% жирности","2,5","2,9","4,0","53,0"
Кофе натуральный со сгущенным молоком ,"3,2","2,9","4,0","59,0"
"Молоко пастеризованное 3,5% жирности","23,0","7,1","27,1","345,0"
"Молоко пастеризованное, 1,5% жирности","3,5","2,9","4,7","62,0"
"Молоко пастеризованное, 2,5% жирности","1,5","3,0","4,8","45,0"
Молоко сгущенное нежирное,"2,5","2,9","4,8","54,0"
"Молоко стерилизованное 3,2% жирности","0,2","6,6","10,8","71,0"
"Молоко стерилизованное 3,5% жирности","3,2","3,0","4,7","60,0"
"Молоко стерилизованное, 1,5% жирности","3,5","3,0","4,7","63,0"
"Молоко стерилизованное, 2,5% жирности","1,5","3,0","4,8","45,0"
"Молоко стерилизованное, «Можайское» 3,0% жирности","2,5","2,9","4,8","54,0"
Молоко топленое нежирное,"3,0","2,9","4,7","58,0"
"Молоко топленое 4,0% жирности","0,1","3,0","5,0","32,0"
Молоко «Дружба» сгущенное с сахаром,"4,0","2,9","4,7","67,0"
Молоко «Славянское» сгущенное с сахаром нежирное,"2,5","7,4","54,6","271,0"
Молоко белковое,"0,2","7,4","57,1","261,0"
"Молоко пастеризованное 3,2% жирности","1,0","4,3","6,4","52,0"
Молоко пастеризованное нежирное,"3,2","2,9","4,7","60,0"
Молоко сгущенное с сахаром нежирное,"0,1","3,0","4,9","32,0"
"Молоко сгущенное с сахаром 8,5% жирности","0,2","7,5","56,8","259,0"
"Молоко сгущенное с сахаром, 5,0% жирности","8,5","7,2","55,5","328,0"
"Молоко сгущенное стерилизованное 7,8% жирности","5,0","7,1","55,2","295,0"
"Молоко сухое """"Смоленское"""" 15,0% жирности","7,8","6,4","10,3","138,0"
Молоко сухое нежирное,"15,0","28,5","44,7","432,0"
"Молоко сухое цельное 25,0% жирности","1,0","33,2","52,6","362,0"
"Молоко топленое 1,0% жирности","25,0","24,2","39,3","483,0"
Молочное мороженое,"1,0","3,0","4,8","40,0"
Мороженое молочное в шоколадной глазури,"3,5","3,7","21,3","132,0"
Мороженое молочное крем-брюле,"15,0","3,2","20,6","231,0"
Мороженое молочное с плодами и ягодами,"3,5","3,7","22,9","138,0"
Мороженое молочное шоколадное,"2,8","3,2","21,2","124,0"
Мороженое пломбир,"3,7","3,6","21,2","133,0"
Мороженое пломбир в шоколадной глазури,"15,0","3,7","20,4","232,0"
Мороженое пломбир крем-брюле,"24,0","3,2","20,1","310,0"
Мороженое пломбир с плодами и ягодами,"15,0","3,7","22,4","240,0"
Мороженое пломбир шоколадный,"12,0","3,2","21,1","206,0"
Мороженое сливочное,"15,0","3,6","20,4","231,0"
Мороженое сливочное в шоколадной глазури,"10,0","3,7","19,4","183,0"
Мороженое сливочное крем-брюле,"20,0","3,2","19,4","271,0"
Мороженое сливочное с плодами и ягодами,"10,0","3,7","21,4","191,0"
Мороженое сливочное шоколадное,"8,0","3,2","20,1","166,0"
Моцарелла,"10,0","3,6","20,0","185,0"
"Напиток «Снежок» 2,5% жирности","22,0","22,0","21,0","300,0"
"Напиток «Снежок», плодово-ягодный 1,0% жирности","2,5","2,7","10,8","79,0"
"Напиток «Юбилейный», 1,0% жирности","1,0","2,7","12,2","69,0"
"Напиток «Юбилейный», 2,5% жирности","1,0","3,0","4,1","40,0"
"Напиток «Юбилейный», плодово-ягодный, 2,5% жирности","2,5","2,9","4,1","53,0"
"Напиток плодово-ягодный, 1,0% жирности","2,5","2,6","12,2","84,0"
"Напиток кисломолочный, «Бифидин» 2,5% жирности","1,0","2,7","12,2","71,0"
Пармезан тертый,"2,5","3,4","5,5","61,0"
"Паста ацидофильная, сладкая 8,0% жирности","29,0","38,0","4,0","431,0"
"Паста ацидофильная, сладкая, нежирная","8,0","6,6","25,5","203,0"
Паста молочная белковая,"0,2","5,5","13,5","81,0"
"Паста ацидофильная 4,0% жирности","0,2","11,0","2,0","57,0"
Пахта «Идеал» пастеризованная,"4,0","5,5","20,5","143,0"
"Пахта «Идеал», сквашенная","1,0","3,3","4,7","41,0"
"Продукт кисломолочный «Тонус» 2,5% жирности","1,0","3,3","3,8","40,0"
"Простокваша цитрусовая, 1,0% жирности","2,5","2,9","4,1","53,0"
"Простокваша 1,0% жирности","1,0","2,7","10,1","63,0"
"Простокваша 2,5% жирности","1,0","3,0","4,1","40,0"
"Простокваша 3,2% жирности","2,5","2,9","4,1","53,0"
"Простокваша «Мечниковская» 4,0% жирности","3,2","2,9","4,1","59,0"
"Простокваша «Цитрусовая» 2,5% жирности","4,0","2,8","4,1","66,0"
Простокваша нежирная,"2,5","2,6","10,1","76,0"
Пудинг из творога (творог п/жирный),"0,1","3,0","3,8","30,0"
Рикотта,"9,6","13,9","20,1","224,0"
"Ряженка 1,0% жирности","13,0","11,0","3,0","174,0"
"Ряженка 2,5% жирности","1,0","3,0","4,2","40,0"
"Ряженка 4,0% жирности","2,5","2,9","4,2","54,0"
"Ряженка 6,0% жирности","4,0","2,8","4,2","67,0"
"Сливки пастеризованные 10,0% жирности","6,0","3,0","4,1","85,0"
"Сливки пастеризованные 8,0% жирности","10,0","2,7","4,5","119,0"
"Сливки стерилизованные 10,0% жирности","8,0","2,8","4,5","102,0"
"Сливки пастеризованные 35,0% жирности","10,0","2,7","4,4","119,0"
"Сливки сгущеные с сахаром 19,0% жирности","35,0","2,2","3,2","337,0"
"Сливки стерилизованные 25,0% жирности","19,0","8,0","47,0","392,0"
"Сливки сухие 42,0% жирности","25,0","2,4","3,9","251,0"
"Сметана 10,0% жирности","42,0","19,0","30,2","577,0"
"Сметана 15,0% жирности","10,0","2,7","3,9","119,0"
"Сметана 20,0% жирности","15,0","2,6","3,6","162,0"
"Сметана 25,0% жирности","20,0","2,5","3,4","206,0"
"Сметана 30,0% жирности","25,0","2,4","3,2","250,0"
"Сметана «Домашняя» 10,0% жирности","30,0","2,3","3,1","293,0"
Суп молочный с макаронами,"10,0","3,8","5,6","130,0"
Суп молочный с рисом,"1,9","2,2","7,9","58,0"
Суп молочный с тыквой и манной крупой,"1,9","1,8","7,3","54,0"
Суп молочный с белокочанной капустой,"2,2","2,0","5,4","50,0"
"Сыр домашний 4,0% жирности","2,0","2,0","6,8","54,0"
Сыр домашний нежирный,"4,0","17,0","1,5","113,0"
Сыр плавленый «Золушка»,"0,6","18,0","1,5","86,0"
Сыр плавленый «Костромской»,"10,8","15,2","23,8","254,0"
Сыр плавленый «Медовый»,"19,2","21,4","2,3","269,0"
Сыр плавленый «Мятный»,"16,5","6,1","29,4","291,0"
Сыр плавленый «Российский»,"19,1","7,9","32,7","335,0"
Сыр плавленый «Сказка»,"23,0","20,5","2,5","300,0"
Сыр плавленый «Сластена»,"18,0","12,2","26,1","316,0"
Сыр плавленый копченый «Колбасный»,"11,4","13,0","28,4","269,0"
Сыр сычужный мягкий «Адыгейский»,"19,4","21,2","3,7","275,0"
Сыр сычужный мягкий «Рокфор»,"19,8","19,8","1,5","264,0"
Сыр сычужный мягкий «Русский камамбер»,"27,5","20,5","0,0","335,0"
Сыр сычужный полутвердый «Литовский»,"28,8","15,3","0,1","324,0"
Сыр сычужный полутвердый «Прибалтийский»,"14,7","27,9","0,0","250,0"
Сыр сычужный рассольный «Брынза» из коровьего молока,"9,0","29,8","0,0","207,0"
Сыр сычужный рассольный «Брынза» из овечьего молока,"19,2","22,1","0,4","262,0"
Сыр сычужный рассольный «Сулугуни»,"18,8","21,1","0,3","260,0"
Сыр сычужный твердый «Голландский» (круглый),"22,0","20,5","0,4","286,0"
Сыр сычужный твердый «Бийский»,"30,4","23,7","0,0","375,0"
Сыр сычужный твердый «Голландский» (брусковый),"29,9","24,2","0,0","371,0"
Сыр сычужный твердый «Костромской»,"26,6","26,3","0,0","350,0"
Сыр сычужный твердый «Латвийский»,"26,1","25,6","0,0","343,0"
Сыр сычужный твердый «Пошехонский»,"24,1","23,3","0,0","316,0"
Сыр сычужный твердый «Российский»,"26,1","26,0","0,0","344,0"
Сыр сычужный твердый «Советский»,"29,5","23,2","0,0","364,0"
Сыр сычужный твердый «Сусанинский»,"31,1","24,4","0,0","385,0"
Сыр сычужный твердый «Угличский»,"23,9","23,8","0,0","315,0"
Сыр сычужный твердый «Чеддер»,"26,3","25,8","0,0","347,0"
Сыр сычужный твердый «Швейцарский»,"30,8","23,5","0,0","380,0"
Сыр сычужный твердый «Ярославский»,"31,6","24,6","0,0","391,0"
"Сырки глазированные с ванилином 10,9% жирности","26,6","26,2","0,0","350,0"
"Сырки глазированные с ванилином 27,7% жирности","10,9","9,4","33,1","270,0"
"Сырки и масса творожная «Цитрон» сладкие, 8,0% жирности","27,7","7,9","32,6","413,0"
"Сырки и масса творожная сладкая с ванилином 16,5% жирности","8,0","15,0","11,5","181,0"
"Сырки творожные детские 23,0% жирности","16,5","12,0","9,5","283,0"
Сырники из творога (творог нежирный),"23,0","9,1","18,5","319,0"
Сырники из творога и картофеля,"3,6","18,6","18,2","183,0"
Сырники с морковью,"7,7","11,9","15,2","180,0"
"Творог «Столовый» 2,0% жирности","11,5","12,9","18,8","232,0"
"Творог мягкий диетический 4,0% жирности","2,0","20,0","3,0","114,0"
"Творог мягкий диетический, нежирный","4,0","21,0","3,0","136,0"
"Творог мягкий диетический, нежирный плодово-ягодный","0,6","22,0","3,3","110,0"
Творог нежирный,"0,5","18,2","14,0","138,0"
"Творог полужирный 9,0% жирности","0,6","22,0","3,3","110,0"
"Творог «Крестьянский» 5,0% жирности","9,0","18,0","3,0","169,0"
"Творог жирный 18,0% жирности","5,0","21,0","3,0","145,0"
"Творог мягкий диетический 11,0% жирности","18,0","15,0","2,8","236,0"
"Творог мягкий диетический, плодово-ягодный, 4,0% жирности","11,0","16,0","3,0","178,0"
Творожная масса с изюмом,"4,0","17,3","13,7","164,0"
Тильзитер,"21,6","6,8","29,9","343,0"
Фета,"26,0","24,0","2,0","340,0"
Чеддер,"21,0","14,0","4,0","264,0"
Эдам,"33,0","25,0","1,0","403,0"
«Армавирская» полукопченая колбаса,"28,0","25,0","1,0","357,0"
«Брауншвейгская» сырокопченая колбаса,"40,1","15,1","0,3","423,0"
«Говяжья» вареная колбаса,"42,2","27,7","0,2","491,0"
«Диетическая» вареная колбаса,"11,7","15,0","0,2","165,0"
«Докторская» вареная колбаса,"13,5","12,1","0,0","170,0"
«Дорожная» сырокопченая колбаса,"22,2","12,8","1,5","257,0"
«Зеленоградская» с мясом утки вареная колбаса,"47,7","17,0","0,4","498,0"
«Зернистая» сырокопченая колбаса,"12,1","17,2","2,2","187,0"
«Любительская» вареная колбаса,"62,8","9,9","0,3","606,0"
«Любительская» варено-копченая колбаса,"28,0","12,2","0,1","301,0"
«Молочная» вареная колбаса,"39,0","17,2","0,2","420,0"
«Молочные» сосиски,"22,8","11,7","0,2","252,0"
«Московская» варено-копченая колбаса,"23,9","11,0","0,4","261,0"
«Одесская» полукопченая колбаса,"36,6","19,1","0,2","406,0"
«Олимпийская» сырокопченая колбаса,"38,1","14,8","0,3","402,0"
«Отдельная» вареная колбаса,"39,1","21,1","0,4","436,0"
«Охотничьи» полукопченые колбаски,"11,0","11,0","1,7","240,0"
«Подмосковная» с куриным мясом вареная колбаса,"40,0","25,3","0,3","463,0"
«Русская» вареная колбаса,"11,6","17,2","1,7","180,0"
«Русские» сосиски,"11,0","11,5","1,7","302,0"
«Свиная» вареная колбаса,"22,0","11,3","1,7","250,0"
«Свиная» сырокопченая колбаса,"25,8","10,8","0,5","277,0"
«Сервелат» сырокопченая колбаса,"57,0","13,0","0,2","566,0"
«Столичные» сосиски,"40,5","24,0","0,2","461,0"
«Столовая» вареная колбаса,"20,3","12,2","0,5","234,0"
«Таллинская» полукопченая колбаса,"20,2","11,1","1,8","234,0"
«Телячья» вареная колбаса,"33,8","17,1","0,2","373,0"
«Чайная» вареная колбаса,"28,3","13,2","0,3","308,0"
Азу из говядины,"18,4","11,7","1,7","216,0"
Антрекот из говядины,"4,0","6,3","10,2","103,0"
Баранина жареная по 1-396,"11,2","29,6","0,0","220,0"
Баранина отварная по 1-392,"19,4","22,4","0,0","264,0"
Баранина тушеная по 1-422,"17,4","21,8","0,0","244,0"
"Баранина 1 кат,","12,7","10,3","3,6","170,0"
"Баранина 2 кат,","16,3","15,6","0,0","209,0"
Баранина сырая,"9,6","19,8","0,0","166,0"
Бедро курицы без кожи сырое,"24,4","22,0","0,0","314,0"
Бедро курицы с кожей сырое,"10,8","25,7","0,0","207,0"
Белое мясо индейки сырое,"15,4","24,9","0,0","245,0"
Бефстроганов из говядины,"2,0","24,0","0,0","115,0"
Биточки паровые из говядины,"11,3","16,7","5,9","193,0"
Биточки паровые из мяса кур,"10,8","14,5","9,1","192,0"
Биточки с рисом из говядины,"7,2","18,6","9,3","176,0"
Бифштекс из говядины с яйцом,"5,5","5,0","18,5","144,0"
Бифштекс из говядины,"20,8","21,5","0,4","275,0"
Бифштекс из говядины рубленый,"11,2","29,2","0,0","216,0"
"Бройлеры (цыплята) 1 кат,","25,6","18,4","0,0","306,0"
"Бройлеры (цыплята) 2 кат,","16,1","18,7","0,0","220,0"
Бутерброд с «любительской» вареной колбасой,"11,2","19,7","0,0","180,0"
Бутерброд с отварной говядиной,"14,3","8,5","14,2","220,0"
Вареная колбаса «Для завтрака»,"3,7","7,6","14,2","122,0"
Вареники ленивые отварные,"13,9","13,0","2,4","187,0"
Говядина жареная,"7,0","13,2","13,8","173,0"
Говядина отварная,"6,0","28,4","0,0","168,0"
Говядина тушеная,"16,8","25,8","0,0","254,0"
"Говядина 1 кат,","5,4","13,6","3,3","116,0"
"Говядина 2 кат,","16,0","18,6","0,0","218,0"
Говяжий фарш сырой,"9,8","20,0","0,0","168,0"
Говяжий язык отварной,"20,0","17,2","0,0","254,0"
Говяжье сердце тушеное в соусе,"15,0","24,0","2,7","231,0"
Говяжьи сардельки,"6,3","10,3","5,0","113,0"
Говяжьи сосиски,"18,2","11,4","1,3","215,0"
Голень куриная без кожи сырая,"20,1","10,4","0,8","226,0"
Голень куриная с кожей сырая,"5,6","28,1","0,0","171,0"
Голубцы говяжьи,"11,1","26,8","0,0","214,0"
Грудинка свиная сырая,"4,9","8,5","8,4","111,0"
Грудинка свиная сырая,"45,0","12,0","1,0","458,0"
Грудинка свинины копчено-запеченная,"45,0","12,0","1,0","458,0"
Грудинка свинины сырокопченая,"52,7","10,0","0,0","514,0"
Грудка курицы без кожи сырая,"63,3","8,9","0,0","605,0"
Грудка курицы с кожей сырая,"3,5","30,8","0,0","164,0"
"Гуси 1 кат,","7,7","29,6","0,0","195,0"
"Гуси 2 кат,","39,0","15,2","0,0","412,0"
Диабетическая вареная колбаса,"27,7","17,0","0,0","317,0"
Духовая говядина,"22,8","12,1","0,0","254,0"
Жаркое по-домашнему из говядины,"3,8","6,6","10,7","104,0"
Желудок курицы сырой,"4,0","6,5","11,1","108,0"
Зразы рубленые из говядины,"2,0","18,0","0,0","94,0"
Индейка жареная,"15,7","12,1","13,1","244,0"
Индейка отварная,"20,7","23,4","0,1","280,0"
Индейка целиком сырая,"19,8","23,6","0,0","273,0"
"Индейки 1 кат,","7,0","28,9","0,0","187,0"
"Индейки 2 кат,","22,0","19,5","0,0","276,0"
Кожа курицы сырая,"12,0","21,6","0,0","194,0"
"Конина 1 кат,","40,3","20,2","0,0","450,0"
"Конина 2 кат,","9,9","19,5","0,0","167,0"
Консервы «Завтрак туриста» из баранины,"4,1","20,9","0,0","121,0"
Консервы «Завтрак туриста» из говядины,"15,2","18,0","0,2","210,0"
Консервы «Завтрак туриста» из свинины,"14,9","20,5","0,2","217,0"
Консервы «Паштет мясной» из говядины,"31,0","16,9","0,2","347,0"
Консервы «Паштет печеночный»,"23,3","16,1","0,4","275,0"
Консервы из бараньего гуляша,"28,1","11,6","3,4","301,0"
Консервы из говядины в белом соусе,"15,6","14,2","3,9","213,0"
Консервы из говяжьего гуляша,"14,8","18,0","3,6","220,0"
Консервы из говяжьего языка в желе,"14,3","16,8","3,9","212,0"
Консервы из жирной свинины,"13,6","22,4","2,4","212,0"
Консервы из колбасного куриного фарша,"48,9","11,5","0,0","486,0"
Консервы из курицы в собственном соку,"15,6","15,0","0,0","200,0"
Консервы из особой ветчины,"9,9","23,2","0,4","183,0"
Консервы из отварной говядины в собственном соку,"6,2","17,6","0,0","126,0"
Консервы из свиного гуляша,"16,9","15,4","0,0","214,0"
Консервы из свиного сосисочного фарша,"29,4","13,1","3,9","333,0"
Консервы из тушеной баранины,"20,4","10,6","4,3","244,0"
Консервы из тушеной говядины,"13,4","17,4","0,2","191,0"
Консервы из тушеной свинины,"17,0","16,8","0,2","220,0"
Консервы из утки в собственном соку,"32,2","14,9","0,2","349,0"
Корейка свинины копчено-запеченная,"17,5","16,0","0,3","223,0"
Корейка свинины сырокопченая,"48,2","10,2","0,0","475,0"
Котлета свиная сырая,"47,4","10,5","0,0","469,0"
Котлеты из индейки,"13,4","27,3","0,0","238,0"
Котлеты куриные,"12,2","18,6","8,7","220,0"
Котлеты отбивные из баранины,"10,4","18,2","13,8","222,0"
Котлеты отбивные из свинины,"30,6","20,6","9,1","394,0"
Котлеты рубленые из баранины,"40,3","17,5","8,8","470,0"
Котлеты рубленые из говядины,"14,8","13,6","12,9","240,0"
Котлеты рубленые из мяса цыплят,"11,4","14,2","13,0","213,0"
Котлеты рубленые из свинины,"13,6","15,2","13,5","238,0"
Красное мясо индейки сырое,"45,7","13,6","0,0","466,0"
Кролик жареный,"4,0","20,0","0,0","125,0"
Кролик отварной,"12,7","31,5","0,1","241,0"
Кролик сырой,"10,4","25,5","0,0","194,0"
Крыло индейки с кожей сырое,"8,4","30,2","0,0","205,0"
Крыло курицы без кожи сырое,"12,0","20,0","0,0","197,0"
Крыло курицы с кожей сырое,"8,1","30,2","0,0","201,0"
Куриная грудка без кожи,"19,3","26,6","0,0","288,0"
Курица жареная,"3,5","30,8","0,0","164,0"
Курица отварная,"15,3","28,6","0,1","259,0"
Курица тушеная с овощами,"17,0","22,6","0,0","244,0"
Курица гриль,"7,1","5,5","9,6","125,0"
"Куры 1 кат,","0,0","27,1","13,5","237,0"
"Куры 2 кат,","18,4","18,2","0,0","238,0"
Мозги говяжьи,"8,2","21,2","0,0","159,0"
Мозги свиные,"8,6","11,7","0,8","127,0"
Мякоть говядины сырая,"8,6","10,5","0,8","119,0"
Мясо кролика,"19,6","26,2","0,0","289,0"
Ножка индейки с кожей сырая,"11,0","21,2","0,0","183,0"
Окорок бараний сырой,"7,0","20,0","0,0","144,0"
Окорок свинины тамбовский вареный,"13,0","19,0","0,0","195,0"
Окорок свиной сырой,"25,6","14,3","0,0","288,0"
Окрошка мясная из говядины на кефире,"21,0","17,0","0,0","263,0"
Окрошка мясная из говядины со сметаной,"1,1","2,8","4,3","39,0"
Оладьи из говяжьей печени,"1,7","2,1","6,3","52,0"
"Оленина 1 кат,","14,2","17,5","11,7","230,0"
Отбивная свиная сырая,"8,5","19,5","0,0","155,0"
Паштет из говяжьей печени,"14,6","27,9","0,0","250,0"
Пельмени жареные,"11,1","18,1","7,0","177,0"
Пельмени отварные,"22,5","11,0","14,1","303,0"
Печень говяжья,"13,9","9,9","13,5","219,0"
Печень говяжья жареная,"3,7","17,9","5,3","127,0"
Печень говяжья тушеная в соусе,"10,2","22,8","9,4","208,0"
Печень говяжья сырая,"9,2","13,5","8,6","159,0"
Печень курицы сырая,"4,0","20,0","4,0","135,0"
Печень свиная,"5,0","17,0","0,0","116,0"
Пирожки печеные с мясным фаршем и луком,"3,8","18,8","4,7","109,0"
Поджарка из баранины,"5,7","12,2","35,5","245,0"
Поджарка из говядины,"35,1","19,5","3,9","409,0"
Поджарка из свинины,"13,6","24,9","4,0","237,0"
Поросенок жареный,"49,3","15,7","4,2","524,0"
Поросята,"4,5","26,4","0,2","147,0"
Почки говяжьи,"3,0","20,6","0,0","109,0"
Почки говяжьи жареные в соусе,"2,8","15,2","1,9","86,0"
Почки говяжьи по-русски,"6,1","13,6","4,8","122,0"
Почки говяжьи тушеные,"3,3","5,7","11,3","96,0"
Почки свиные,"5,5","11,1","5,3","109,0"
Рагу из баранины,"3,6","15,0","2,7","92,0"
Рагу из индейки,"10,1","5,1","10,1","152,0"
Рагу из кролика,"7,9","6,0","8,9","131,0"
Рагу из кур,"6,1","6,4","10,4","123,0"
Рагу из утки,"8,0","6,0","8,5","131,0"
Рагу из цыплят,"13,5","6,3","9,6","186,0"
Расстегаи с мясом и луком,"7,1","6,2","8,9","125,0"
Ребра свиные сырые,"6,4","12,1","36,4","254,0"
Ромштекс из говядины,"24,0","16,0","0,0","282,0"
Салат с курицей,"11,3","24,9","8,6","237,0"
Салат мясной говяжий,"9,9","5,7","6,0","137,0"
Сало свиное сырое,"18,8","5,3","7,1","219,0"
Сардельки говяжьи отварные,"89,0","3,0","0,0","812,0"
Сардельки 1 сорта,"18,2","11,4","1,2","215,0"
Свинина жареная,"17,2","10,3","1,5","202,0"
Свинина отварная,"26,2","19,6","0,0","314,0"
Свинина тушеная,"31,5","22,5","0,0","373,0"
Свинина беконная,"20,4","9,0","3,5","235,0"
Свинина жирная,"27,8","17,0","0,0","318,0"
Свинина мясная,"49,3","11,7","0,0","491,0"
Свиные сардельки,"33,3","14,3","0,0","357,0"
Сердце говяжье,"31,6","10,1","1,8","322,0"
Сердце курицы сырое,"3,5","16,0","2,0","96,0"
Сердце свиное,"9,0","16,0","1,0","153,0"
Солянка сборная мясная с говядиной,"4,0","16,2","2,6","101,0"
Сосиски говяжьи отварные,"2,8","2,1","1,3","39,0"
Спинка курицы с кожей сырая,"20,0","10,4","0,8","225,0"
Стейк из говядины сырой,"20,8","25,7","0,0","298,0"
"Телятина 1 кат,","13,2","28,0","0,0","237,0"
"Телятина 2 кат,","2,0","19,7","0,0","97,0"
Тефтели из говядины,"0,9","20,4","0,0","89,0"
Утка жареная,"9,1","7,4","9,6","150,0"
Утка отварная,"34,9","23,2","0,1","407,0"
Утка фаршированная картофелем,"34,6","18,1","0,0","385,0"
"Утки 1 кат,","10,9","7,1","10,5","169,0"
"Утки 2 кат,","38,0","15,8","0,0","405,0"
Фарш бараний сырой,"24,2","17,2","0,0","287,0"
Фарш свиной сырой,"23,0","17,0","0,0","282,0"
Фрикадельки куриные,"21,0","17,0","0,0","263,0"
Цыплята жареные,"6,5","18,2","7,8","163,0"
Цыплята жареные табака,"18,3","24,0","0,1","261,0"
Цыплята отварные,"20,2","24,8","0,1","281,0"
Шея куриная с кожей сырая,"13,6","21,1","0,0","211,0"
Шницель рубленый из говядины,"17,9","19,4","0,0","245,0"
Шницель из свинины отбивной,"24,9","17,5","9,0","331,0"
Шницель из свинины рубленый,"32,2","19,0","8,8","403,0"
Шницель рубленый из баранины,"42,5","13,5","9,0","473,0"
Шницель отбивной из баранины,"23,2","21,8","9,1","333,0"
Эскалоп из свинины,"32,3","18,1","0,0","363,0"
Язык говяжий,"12,1","16,0","2,2","173,0"
Язык свиной,"16,0","15,9","2,1","208,0"
«Боржоми»,"0,0","0,0","0,0","0,0"
«Ессентуки № 4»,"0,0","0,0","0,0","0,0"
«Нарзан»,"0,0","0,0","0,0","0,0"
Вина десертные,"0,0","0,5","20,0","172,0"
Вина крепкие,"0,0","0,4","12,0","163,0"
Вина ликерные,"0,0","0,5","30,0","212,0"
Вина полудесертные,"0,0","0,4","12,0","140,0"
"Вина полусладкие белые и красные (в т, ч, шампанское)","0,0","0,2","5,0","88,0"
"Вина полусухие белые и красные (в т, ч, шампанское)","0,0","0,3","2,5","78,0"
"Вина сладкие белые и красные (в т, ч, шампанское)","0,0","0,2","8,0","100,0"
"Вина сухие белые и красные (в т, ч, шампанское)","0,0","0,2","0,3","64,0"
Вино безалкогольное,"0,0","0,0","1,0","6,0"
"Вино белое ""Мускат""","0,0","0,0","5,0","82,0"
"Вино белое ""Рислинг""","0,0","0,0","4,0","80,0"
"Вино белое ""Савиньон""","0,0","0,0","2,0","81,0"
"Вино красное ""Бургундское""","0,0","0,0","4,0","86,0"
"Вино красное ""Каберне Савиньон""","0,0","0,0","3,0","83,0"
"Вино красное ""Мерло""","0,0","0,0","3,0","83,0"
"Вино красное ""Пино Нуар""","0,0","0,0","2,0","82,0"
Виски,"0,0","0,0","21,0","87,0"
Вода,"0,0","0,0","0,0","0,0"
Водка,"0,0","0,0","0,0","231,0"
Зеленый чай,"0,0","0,0","0,3","1,0"
Какао без молока,"1,0","1,0","12,0","55,0"
Какао с заменителем сахара,"0,0","1,0","6,0","29,0"
Квас хлебный,"0,0","0,2","5,2","27,0"
Кисель из вишневого сока,"0,0","0,2","18,9","78,0"
Кисель из сливового варенья,"0,0","0,1","15,5","63,0"
Кисель из сушеных яблок,"0,0","0,1","16,3","66,0"
Кисель из клюквы,"0,0","0,0","13,0","53,0"
Кисель из кураги,"0,0","0,4","12,9","54,0"
Кисель из яблок,"0,1","0,1","23,7","97,0"
Коктейль персиковый,"1,9","1,7","18,5","98,0"
"Компoт из черешни, консервы","0,2","0,5","20,6","87,0"
Компот из абрикосов,"0,0","0,2","13,6","56,0"
"Компот из абрикосов, консервы","0,0","0,2","21,7","89,0"
Компот из крыжовника и черной смородины,"0,1","0,3","13,9","58,0"
"Компот из персиков, консервы","0,0","0,3","21,6","88,0"
"Компот из яблок, консервы","0,2","0,2","22,3","93,0"
Компот персиковый,"0,0","0,2","21,8","88,0"
Компот черешневый,"0,1","0,2","14,0","58,0"
Компот яблочный,"0,1","0,1","13,6","55,0"
Компот вишневый,"0,1","0,2","13,8","57,0"
Компот грушевый,"0,1","0,1","13,4","55,0"
Компот из айвы,"0,1","0,1","13,7","56,0"
"Компот из айвы, консервы","0,3","0,4","19,7","82,0"
"Компот из вишни, консервы","0,3","0,6","23,7","101,0"
"Компот из груш, консервы","0,2","0,2","18,1","74,0"
Коньяк ординарный «три звездочки»,"0,0","0,0","1,5","239,0"
Кофе жареный в зернах,"14,4","13,9","29,5","331,0"
Кофе на сгущенном молоке,"0,9","0,7","10,9","55,0"
Кофе на молоке,"1,0","0,7","11,2","58,0"
Кофе растворимый черный,"0,0","0,0","0,0","1,0"
Кофе со сливками и ликером,"16,0","3,0","21,0","327,0"
Кофе черный (без сахара),"0,5","0,2","0,2","7,0"
Кофе эспрессо,"0,0","0,0","0,0","2,0"
Кофе эспрессо без кофеина,"0,0","0,0","0,0","0,0"
Ликер вишневый,"0,0","0,0","40,0","299,0"
Наливка «Сливянка»,"0,0","0,0","28,0","215,0"
Напиток апельсиновый,"0,0","0,1","13,0","53,0"
Напиток клюквенный,"0,0","0,1","12,4","51,0"
Напиток яблочный,"0,1","0,1","13,2","54,0"
Напиток Coca-cola классический,"0,0","0,0","12,0","44,0"
Напиток из плодов шиповника,"0,1","0,2","11,9","50,0"
Напиток на плодово-ягодных настоях,"0,0","0,0","9,5","46,0"
Напиток на цитрусовых настоях,"0,0","0,0","7,5","33,0"
"Напиток на эссенциях (Coca-Cola, Pepsi, «Байкал» и др,)","0,0","0,0","8,7","38,0"
"Напиток яблочно­ морковный, консервы","0,0","0,3","15,5","68,0"
"Напиток яблочно­абрикосовый, консервы","0,0","0,2","14,0","58,0"
"Напиток яблочно­виноградный, консервы","0,0","0,3","12,3","52,0"
Настойка горькая «Русский сувенир»,"0,0","0,0","6,4","248,0"
Пиво светлое,"0,0","0,0","2,0","29,0"
"Пиво светлое, с долей сухих в-в в исходном сусле 11%","0,0","0,3","4,6","42,0"
"Пиво светлое, с долей сухих в-в в исходном сусле 20%","0,0","0,4","7,6","75,0"
Пиво темное,"0,0","0,0","4,0","43,0"
"Пиво темное, с долей сухих в-в в исходном сусле 13%","0,0","0,3","5,7","48,0"
"Пиво темное, с долей сухих в-в в исходном сусле 20%","0,0","0,4","8,7","74,0"
Сладкий вермут,"0,0","0,2","13,7","160,0"
Сок абрикосовый,"0,0","0,5","12,7","55,0"
Сок айвовый,"0,1","0,5","11,2","51,0"
Сок ананасовый,"0,1","0,3","11,8","52,0"
Сок ананасовый без сахара,"0,0","0,0","13,0","53,0"
Сок апельсиновый,"0,1","0,7","13,2","60,0"
Сок виноградный,"0,2","0,3","16,3","70,0"
Сок вишневый,"0,2","0,7","11,4","51,0"
Сок гранатовый,"0,1","0,3","14,2","56,0"
Сок грейпфрутовый,"0,1","0,3","7,9","38,0"
Сок грейпфрутовый белый без сахара,"0,0","0,0","9,0","39,0"
Сок грейпфрутовый белый с сахаром,"0,0","1,0","11,0","46,0"
Сок грейпфрутовый розовый без сахара,"0,0","0,0","9,0","39,0"
Сок из смеси овощей,"0,0","1,0","5,0","19,0"
Сок клюквенный без сахара,"0,0","0,0","12,0","46,0"
Сок лимонный,"0,0","0,6","3,9","33,0"
Сок лимонный без сахара,"0,0","0,0","9,0","25,0"
Сок мандариновый,"0,0","0,8","9,8","45,0"
Сок морковный,"0,1","1,1","12,6","56,0"
Сок персиковый,"0,0","0,3","16,5","68,0"
Сок свекольный,"0,0","1,0","14,1","61,0"
Сок сливовый,"0,1","0,3","15,2","68,0"
Сок томатный,"0,1","1,0","2,9","18,0"
Сок томатный с солью,"0,0","1,0","4,0","17,0"
Сок черничный,"1,0","0,0","8,0","38,0"
Сок черноплодно­рябиновый,"0,1","0,1","11,4","50,0"
Сок черносмородиновый,"0,0","0,5","7,3","41,0"
Сок шиповниковый,"0,2","0,1","16,1","67,0"
Сок яблочный,"0,1","0,5","10,1","46,0"
Холодный чай Lipton с лимоном,"0,0","0,0","9,0","35,0"
Холодный чай Nestea с лимоном,"0,0","0,0","9,0","36,0"
Чай ромашковый,"0,0","0,0","0,0","1,0"
Чай с лимоном,"0,0","0,1","6,8","28,0"
Чай с молоком,"0,8","0,7","8,2","43,0"
Чай с сахаром,"0,0","0,1","7,0","28,0"
Чай травяной,"0,0","0,0","0,0","1,0"
"Чай черный без сахара, лимона и молока","0,0","0,0","1,0","1,0"
"Яблоки в сиропе, консервы","0,1","0,2","11,5","48,0"
Авокадо,"15,0","2,0","9,0","160,0"
Базилик,"0,0","3,0","3,0","23,0"
Баклажаны,"0,1","1,2","4,5","24,0"
"Баклажаны, фаршированные овощами","4,5","2,9","7,4","83,0"
Белокочанная капуста,"0,1","1,8","4,7","28,0"
Борщ,"1,0","0,8","4,1","29,0"
Борщ из свежей капусты и картофеля,"1,1","1,0","5,4","36,0"
Борщ летний,"1,2","1,1","5,7","38,0"
Борщ с картофелем,"1,1","1,1","6,8","42,0"
Борщ украинский,"2,2","1,1","6,5","50,0"
Брокколи,"0,4","2,8","6,6","34,0"
Брокколи смесь Hortex,"0,3","1,9","3,1","23,0"
Брюква,"0,1","1,2","7,7","37,0"
Брюква припущенная,"1,6","1,3","8,4","54,0"
Брюссельская,"0,3","4,8","3,1","35,0"
Брюссельская капуста,"0,3","3,4","8,9","43,0"
Ватрушки картофельные,"7,6","6,2","17,7","165,0"
Вешенки,"0,0","3,0","6,0","43,0"
Голубцы овощные,"5,2","2,2","9,7","95,0"
Грибы белые,"1,7","3,7","1,1","34,0"
Грибы белые сушеные,"14,3","30,3","9,0","286,0"
Грибы жареные (сушеные),"24,4","11,3","1,2","270,0"
Грибы жареные в сметанном соусе,"14,5","6,7","3,5","172,0"
Грибы жареные с картофелем,"5,2","3,9","12,7","114,0"
Грибы лисички,"1,0","1,5","1,0","19,0"
Грибы опята,"1,2","2,2","0,5","22,0"
Грибы подберезовики,"0,8","2,1","1,2","20,0"
Грибы подосиновики,"0,5","3,3","1,2","22,0"
Грибы сыроежки,"0,7","1,7","1,5","19,0"
Грибы шампиньоны,"1,0","4,3","0,1","27,0"
"Грибы, запеченные в сметанном соусе","16,6","6,5","3,2","188,0"
"Грибы, тушенные с картофелем","6,4","4,0","10,7","117,0"
Драники картофельные,"4,5","2,7","18,6","127,0"
Запеканка капустная,"5,2","3,1","13,5","114,0"
Запеканка из тыквы,"6,1","4,1","16,3","137,0"
Запеканка картофельная с овощами,"5,9","3,0","17,5","136,0"
Запеканка морковная,"5,0","2,7","17,8","128,0"
Зразы картофельные,"6,4","2,8","20,3","152,0"
"Икра из баклажанов, консервы","13,3","1,7","5,1","148,0"
"Икра из кабачков, консервы","8,9","1,9","7,7","119,0"
Икра кабачковая,"4,7","1,2","7,7","78,0"
Икра свекольная,"6,8","2,3","11,7","119,0"
Имбирь свежий,"1,0","2,0","18,0","80,0"
Кабачки,"0,3","0,6","4,6","24,0"
Кабачки жареные,"5,9","1,1","7,5","88,0"
Кабачки запеченные,"10,0","2,7","9,7","140,0"
Кабачки припущенные,"10,5","2,3","6,3","130,0"
Капуста квашеная,"0,1","1,8","3,0","23,0"
Капуста жареная,"2,8","1,8","4,2","50,0"
Капуста запеченная,"3,3","2,0","9,2","75,0"
Капуста цветная жареная,"3,1","1,7","3,0","47,0"
Капуста цветная отварная,"0,2","1,7","3,4","22,0"
Картофель,"0,3","6,6","71,6","317,0"
"Картофель, жаренный брусочками","9,6","2,8","23,5","192,0"
"Картофель, жаренный ломтиками (из отварного)","8,6","2,3","18,6","161,0"
"Картофель, тушенный с грибами","14,5","4,7","19,5","228,0"
"Картофель, запеченный в сметанном соусе","5,3","2,5","13,8","114,0"
Каша из тыквы,"1,7","2,1","15,7","87,0"
Китайская капуста,"0,2","1,5","2,2","13,0"
Кольраби,"0,1","2,8","7,9","44,0"
Котлеты капустные,"8,2","4,2","15,3","153,0"
Котлеты картофельные,"6,9","2,8","16,2","139,0"
Котлеты морковные,"6,7","3,4","19,2","152,0"
Котлеты свекольные,"8,1","4,1","24,1","187,0"
Краснокочанная,"0,2","0,8","5,1","26,0"
Краснокочанная капуста,"0,2","1,4","7,4","31,0"
Кресс-салат,"0,1","2,3","1,3","11,0"
Кукуруза сладкая,"1,0","3,0","19,0","86,0"
Латук,"0,1","0,9","3,0","14,0"
Лук жареный,"13,5","4,5","27,4","251,0"
Лук зеленый (перо),"0,1","1,3","3,2","20,0"
Лук маринованный,"4,7","1,2","7,6","79,0"
Лук порей,"0,2","2,0","6,3","36,0"
Лук репка,"0,2","1,4","8,2","41,0"
Луковичный флорентийский фенхель,"0,2","0,7","3,0","16,0"
Майоран сушеный,"7,0","13,0","61,0","271,0"
Мангольд,"0,2","1,8","3,7","19,0"
Морковь,"0,1","1,3","6,9","35,0"
Морковь отварная,"0,1","1,3","6,4","33,0"
Морковь припущенная,"1,6","1,4","7,7","52,0"
Морковь тушеная с рисом,"5,0","1,8","17,2","122,0"
Морская капуста,"0,2","0,9","0,0","5,0"
Огурцы (грунтовые),"0,1","0,8","2,5","14,0"
Огурцы (парниковые),"0,1","0,7","1,9","11,0"
Огурцы соленые,"0,1","0,8","1,7","13,0"
Окрошка овощная,"0,8","0,9","6,8","39,0"
Оладьи из тыквы,"7,0","4,0","19,8","158,0"
Пастернак (корень),"0,5","1,4","9,2","47,0"
Патиссон,"0,1","0,9","8,6","34,0"
Патиссон,"0,0","1,0","3,0","16,0"
Перец сладкий,"0,1","1,3","4,9","26,0"
"Перец, фаршированный овощами","5,9","1,5","10,1","100,0"
Петрушка,"0,4","3,7","7,6","49,0"
Петрушка (корень),"0,6","1,5","10,1","51,0"
Печеное таро,"0,3","1,9","34,1","144,0"
Пирожки картофельные с морковью,"4,2","2,4","18,9","124,0"
Помидоры,"0,0","0,6","4,2","20,0"
"Помидоры без кожицы, консервы","0,0","0,5","2,3","12,0"
Помидоры жареные,"4,7","1,8","5,1","73,0"
"Помидоры с кожицей, консервы","0,1","1,1","3,5","20,0"
"Помидоры, фаршированные с рисом и морковью","4,9","2,0","9,3","91,0"
"Помидоры, фаршированные яйцом и луком","6,2","2,9","3,5","83,0"
Портобелло,"0,0","3,0","5,0","26,0"
Пудинг из тыквы,"3,2","3,0","12,3","92,0"
Пудинг морковный,"4,1","3,0","14,0","106,0"
Пюре из моркови,"5,6","1,9","8,1","90,0"
Пюре из тыквы,"6,2","1,7","6,3","88,0"
Пюре картофельное,"0,8","2,1","14,7","75,0"
Рагу овощное,"4,5","1,9","10,6","91,0"
Рассольник домашний,"1,0","1,0","5,8","36,0"
Ревень,"0,1","0,7","2,5","16,0"
Редис,"0,1","1,2","3,4","20,0"
Редька с маслом,"7,0","1,7","6,4","96,0"
Редька черная,"0,2","1,9","6,7","36,0"
Репа,"0,1","1,5","6,2","32,0"
Репа припущенная,"1,5","1,6","6,3","45,0"
Салат,"3,2","1,7","8,6","71,0"
Свекла,"0,1","1,5","8,8","42,0"
Свекла отварная,"0,1","1,8","9,8","48,0"
Свекла тушеная,"3,0","1,6","10,3","75,0"
"Свекла, тушенная с яблоками","3,9","1,3","10,7","84,0"
Свекольник холодный,"0,2","0,8","6,1","30,0"
Сельдерей,"0,1","0,9","2,1","13,0"
Сельдерей (корень),"0,3","1,3","6,5","34,0"
Сельдерей (стебли),"0,0","1,0","9,0","42,0"
Соленая окра,"0,1","1,7","6,1","29,0"
Солянка грибная,"1,2","0,5","1,3","18,0"
Соус томатный острый,"0,0","2,5","21,2","99,0"
Спаржа,"0,1","1,9","3,1","21,0"
Суп картофельный,"1,2","1,1","7,8","45,0"
Суп картофельный с перловой крупой,"1,1","1,0","6,5","37,0"
Суп-пюре из шпината,"2,0","1,9","4,0","42,0"
Суп-пюре из картофеля,"2,0","1,6","8,3","58,0"
Суп-пюре из моркови,"1,8","1,2","4,5","39,0"
Суфле морковное,"12,9","6,5","11,3","189,0"
"Томатная паста, консервы","0,0","4,8","19,0","102,0"
"Томатное пюре, консервы","0,0","3,6","11,8","66,0"
Томаты (грунтовые),"0,2","1,1","3,8","24,0"
Топинамбур,"0,1","2,1","12,8","61,0"
Турнепс,"0,0","1,0","6,0","28,0"
Тыква,"0,1","1,0","4,4","22,0"
Тыква жареная,"5,7","1,7","6,9","86,0"
Тыква маринованная,"0,1","0,6","8,9","42,0"
Тыква отварная,"0,1","1,2","4,9","26,0"
Тыква припущенная,"1,7","1,2","4,8","40,0"
Укроп,"0,5","2,5","6,3","40,0"
Хрен,"0,4","3,2","10,5","59,0"
Цветная капуста,"0,3","2,5","4,2","30,0"
Цикорий,"0,3","1,4","3,8","19,0"
Цуккини,"0,0","1,0","3,0","16,0"
Чеснок,"0,5","6,5","29,9","149,0"
Шиитаке сушеные,"1,0","10,0","75,0","296,0"
Шницель из капусты,"6,4","3,4","11,6","118,0"
Шпинат,"0,3","2,9","2,0","23,0"
"Шпинат-пюре, консервы","0,1","2,0","2,0","16,0"
Щавель,"0,3","1,5","2,9","22,0"
Щи из квашеной капусты,"1,0","0,8","1,5","19,0"
Щи из свежей капусты,"1,1","0,9","2,5","24,0"
Щи из щавеля,"3,5","2,3","1,8","48,0"
Щи суточные,"1,0","0,9","1,5","19,0"
Горчица столовая,"5,3","9,9","12,7","143,0"
Дрожжи прессованные,"2,7","12,7","8,5","109,0"
Желатин,"0,4","87,2","0,7","355,0"
Заправка для салата,"23,3","0,0","4,8","235,0"
Маринад овощной без томата,"9,1","1,2","10,5","134,0"
Отруби пшеничные,"3,8","16,0","16,6","165,0"
Порошок горчичный,"11,1","37,1","32,6","378,0"
Соус белый основной,"4,1","1,0","3,8","56,0"
Соус грибной,"6,2","1,2","4,8","82,0"
Соус клюквенный,"0,0","0,0","12,6","51,0"
Соус красный основной,"2,0","1,1","6,2","48,0"
Соус луковый,"4,8","1,3","6,1","75,0"
Соус майонез со сметаной,"31,9","2,8","3,3","312,0"
Соус молочный,"5,2","2,0","7,1","84,0"
Соус польский,"6,1","2,6","3,0","78,0"
Соус с хреном,"0,1","0,7","4,2","27,0"
Соус сметанный,"5,2","1,9","5,7","78,0"
Соус томатный,"4,5","1,7","7,8","80,0"
Соус черносмородиновый,"0,1","0,3","67,6","275,0"
Балык осетровый холодного копчения,"12,5","20,4","0,0","194,0"
Бутербод с соленой горбушей,"2,7","6,7","14,8","110,0"
Бутерброд с килькой и яйцом,"6,9","7,1","15,2","151,0"
Бутерброд с сельдью,"6,7","5,8","15,1","144,0"
Бутерброд с зернистой икрой кеты,"3,9","5,5","15,0","117,0"
Бутерброд с икрой осетровой зернистой,"3,5","5,2","15,0","112,0"
Вобла,"2,8","18,0","0,0","95,0"
Вобла холодного копчения,"6,3","31,1","0,0","181,0"
Галки из трески,"1,1","12,0","7,3","87,0"
Горбуша,"6,5","20,5","0,0","140,0"
"Горбуша в томатном соусе, консервы","6,0","15,0","4,1","130,0"
"Горбуша натуральная, консервы","5,8","20,9","0,0","136,0"
Горбуша отварная,"21,8","14,4","0,0","254,0"
Каракатица свежая,"1,0","16,0","1,0","79,0"
Карась,"1,8","17,7","0,0","87,0"
Карп,"5,3","16,0","0,0","112,0"
Карп жареный,"10,5","18,5","3,2","181,0"
Кета,"5,6","19,0","0,0","127,0"
"Кета натуральная, консервы","4,8","21,5","0,0","129,0"
Кета соленая,"9,6","24,3","0,0","184,0"
Кефаль свежая,"1,2","18,3","0,8","87,0"
Креветки свежие,"2,0","20,0","1,0","106,0"
Лещ,"14,0","19,0","0,0","205,0"
Масляная рыба свежая,"8,0","17,0","0,0","146,0"
Мидии,"2,0","11,5","3,3","77,0"
Минтай,"0,0","20,0","0,0","89,0"
Навага,"1,6","19,2","0,0","91,0"
Навага жареная,"8,3","18,3","4,8","169,0"
Нерка красная,"8,4","20,3","0,0","157,0"
"Нерка натуральная, консервы","3,5","19,5","0,0","109,0"
Окунь речной,"11,9","17,8","0,0","179,0"
Осетр свежий,"4,0","16,0","0,0","105,0"
Осьминог свежий,"1,0","15,0","2,0","82,0"
Палтус белокорый,"0,5","17,2","0,0","73,0"
Путассу,"0,7","20,5","0,3","90,0"
Раки речные,"1,0","15,5","1,2","76,0"
Раки речные вареные,"1,3","20,3","1,0","97,0"
Сазан,"2,0","38,0","0,0","178,0"
Салака,"6,3","17,0","0,0","125,0"
Салака горячего копчения,"8,5","17,0","0,0","145,0"
Сельдь рубленая,"15,0","14,0","0,0","191,0"
Семга свежая,"13,0","20,0","0,0","208,0"
Семга соленая потрошенная с головой,"12,5","22,5","0,0","202,0"
Сибасс свежий,"2,0","18,0","0,0","97,0"
Сиг свежий,"6,0","19,0","0,0","134,0"
Скумбрия атлантическая,"6,4","23,4","0,0","150,0"
"Скумбрия в масле, консервы","28,9","14,4","0,0","318,0"
Солянка рыбная,"1,2","2,4","1,2","25,0"
Сом,"5,1","17,2","0,0","115,0"
"Сом в томатном соусе, консервы","6,0","13,7","8,7","144,0"
Теша осетровая холодного копчения,"25,7","17,6","0,0","302,0"
Тиляпия свежая,"2,0","20,0","0,0","96,0"
Треска,"5,1","9,7","3,9","101,0"
Тунец,"5,0","23,0","0,0","144,0"
Угорь,"11,8","37,0","0,0","264,0"
Форель морская свежая,"1,9","11,8","7,6","95,0"
Хек,"2,2","16,6","0,0","86,0"
Хек припущенный,"2,4","17,8","0,0","91,0"
Чавыча,"0,4","5,0","53,0","242,0"
Айва,"0,5","0,6","9,6","48,0"
Алыча,"0,1","0,2","7,9","34,0"
Ананас,"0,6","2,8","66,9","255,0"
Апельсин,"0,2","0,9","8,1","43,0"
Апельсин с сахаром,"0,2","0,7","28,7","122,0"
Банан,"0,3","0,4","68,2","265,0"
Вишня,"0,2","0,8","10,6","52,0"
Вишня с сахаром,"0,4","0,7","21,7","97,0"
Гранат,"0,6","0,7","14,5","72,0"
Грейпфрут,"0,2","0,7","6,5","35,0"
Грейпфрут с сахаром,"0,2","0,5","28,1","120,0"
Груша,"0,3","0,4","10,3","47,0"
Груша сушеная,"0,6","2,3","62,6","270,0"
Джем из абрикосов,"0,0","0,5","71,6","276,0"
Джем мандариновый,"0,0","0,3","71,8","276,0"
Изюм,"0,0","3,0","79,0","299,0"
Инжир,"0,2","0,7","12,0","54,0"
Инжир сушеный,"0,0","1,0","11,0","30,0"
Лимон,"0,1","0,9","3,0","34,0"
Лимон с сахаром,"0,1","0,6","38,7","169,0"
Манго,"1,0","0,0","18,0","73,0"
Мандарин,"0,2","0,8","7,5","38,0"
Нектарины,"0,0","2,0","15,0","63,0"
Папайя,"0,0","1,0","10,0","39,0"
Персик,"0,1","0,9","9,5","45,0"
Персик сушеный,"0,4","3,0","57,7","254,0"
Повидло яблочное,"0,0","0,4","65,0","250,0"
Помело,"0,0","1,0","8,0","33,0"
Пюре яблочное,"0,1","2,2","59,0","253,0"
Арбуз,"0,1","0,6","5,8","27,0"
Брусника,"0,5","0,7","8,2","46,0"
Варенье из клубники,"0,1","0,3","74,0","285,0"
Варенье из малины,"0,2","0,6","70,4","273,0"
Виноград,"0,5","2,3","65,8","281,0"
Голубика,"0,1","0,6","72,9","284,0"
Дыня,"0,3","0,6","7,4","35,0"
Ежевика,"0,5","1,5","4,4","34,0"
Земляника (садовая),"0,4","0,8","7,5","41,0"
Клубника,"0,3","0,7","7,7","32,0"
Клюква,"0,2","0,5","3,7","28,0"
Крыжовник,"0,2","0,7","9,1","45,0"
Малина,"0,5","0,8","8,3","46,0"
Малина с молоком,"1,8","1,8","12,7","76,0"
Морошка,"0,9","0,8","7,4","40,0"
Облепиха,"5,4","1,2","5,7","82,0"
Смородина белая,"0,2","0,5","8,0","42,0"
Смородина красная,"0,2","0,6","7,7","43,0"
Смородина черная,"0,4","1,0","7,3","44,0"
Суп-пюре из малины,"0,1","0,2","11,2","48,0"
Тыква,"0,1","1,0","4,4","23,0"
Черника,"0,6","1,1","7,6","44,0"
Шиповник,"1,4","3,4","48,3","284,0"
Белок,"0,0","11,1","1,0","48,0"
Белок сухой,"1,8","82,4","1,2","350,0"
Желток,"11,5","12,7","0,7","157,0"
Омлет из яичного порошка,"17,0","10,3","1,6","200,0"
Перепелиное яйцо целое,"13,1","11,9","0,6","168,0"
Салат яичный,"18,8","7,6","3,1","213,0"
Яичница глазунья,"20,9","12,9","0,9","243,0"
Яичный порошок,"37,3","46,0","4,5","542,0"
Яйцо отварное,"11,5","12,7","0,7","157,0"
Яйцо под майонезом,"24,5","4,1","4,7","256,0"