Город,Численность населения,Страна
Асмун,"91,40",Египет
Винер-Нойштадт,"39,94",Австрия
Люлебургаз,"100,79",Турция
Фёклабрук,"11,95",Австрия
Адыяман,"194,87",Турция
Зейтун,"11,43",Мальта
Дерри,"83,65",Северная Ирландия
Анкара,"3945,63",Турция
Тунис,"728,45",Тунис
Эль-Хавамедия,"116,70",Египет
Старый Оскол,"222,00",Россия
Тилт,"19,27",Бельгия
Рубцовск,"155,00",Россия
Красноярск,"972,00",Россия
Кортрейк,"35,85",Бельгия
Шарм-эш-Шейх,"53,66",Египет
Сморгонь,"36,20",Белоруссия
Тюэн,"32,41",Бельгия
Бильбейс,"145,23",Египет
Дисна,"2,00",Белоруссия
Хихон,"273,93",Испания
Алст,"77,36",Бельгия
Климовичи,"17,00",Белоруссия
Джиджелли,"148,90",Алжир
Бангор,"21,74",Уэльс
Кассерин,"76,24",Тунис
Каяпынар,"204,35",Турция
Эль-Канатер-эль-Хира,"70,97",Египет
Трабзон,"211,03",Турция
Тюэн,"6,70",Бельгия
Плимут,"250,70",Англия
Рыбинск,"207,00",Россия
Сохаг,"197,82",Египет
Саманнуд,"60,62",Египет
Винтертур,"98,24",Швейцария
Антверпен,"24,43",Бельгия
Брюгге,"10,90",Бельгия
Бенха,"163,77",Египет
Вёргль,"11,99",Австрия
Ногинск,"116,00",Россия
Эль-Дахла,"22,26",Египет
Цюрих,"365,13",Швейцария
Фгура,"11,28",Мальта
Заславль,"14,20",Белоруссия
Силопи,"76,536",Турция
Слима,"12,99",Мальта
Ланкастер,"45,95",Англия
Ибшавей,"60,99",Египет
Уфа,"1031,00",Россия
Сергиев Посад,"106,00",Россия
Сенно,"8,00",Белоруссия
Суаньи,"17,85",Бельгия
Стамбул,"10895,26",Турция
Филипвиль,"17,52",Бельгия
Маллави,"148,33",Египет
Мозырь,"108,80",Белоруссия
Холлабрун,"11,20",Австрия
Эль-Курейн,"69,76",Египет
Новолукомль,"13,80",Белоруссия
Исмаилия,"352,41",Египет
Мстиславль,"10,70",Белоруссия
Манавгат,"78,047",Турция
Эс-Синбиллавейн,"92,10",Египет
Миньет-эн-Наср,"99,52",Египет
Брюгге,"19,45",Бельгия
Насир,"91,40",Египет
Курган,"322,00",Россия
Саранск,"296,00",Россия
Намюр,"9,31",Бельгия
Юи,"20,07",Бельгия
Самара,"1134,00",Россия
Османие,"197,75",Турция
Мехелен,"33,27",Бельгия
Берн,"122,93",Швейцария
Новочебоксарск,"127,00",Россия
Афьон,"166,45",Турция
Хасселт,"41,07",Бельгия
Эль-Кузиях,"75,17",Египет
Эль-Бадрашейн,"67,69",Египет
Басьюн,"54,59",Египет
Картахена,"203,95",Испания
Данди,"141,93",Шотландия
Абу-Кебир,"109,45",Египет
Новокузнецк,"564,00",Россия
Новый Уренгой,"119,60",Россия
Бишофсхофен,"10,15",Австрия
Ипр,"19,62",Бельгия
Зуррик,"9,82",Мальта
Эль-Хруб,"104,00",Алжир
Хойники,"13,80",Белоруссия
Варем,"14,29",Бельгия
Волковыск,"44,00",Белоруссия
Лондон,"7556,90",Англия
Любань,"11,30",Белоруссия
Полоцк,"82,80",Белоруссия
Бафра,"79,861",Турция
Конья,"988,16",Турция
Хасавюрт,"130,00",Россия
Одинцово,"109,60",Россия
Чорлу,"210,36",Турция
Фарафенни,"30,84",Гамбия
Щёлково,"108,00",Россия
Сан-Джильян,"7,67",Мальта
Динан,"8,34",Бельгия
Санкт-Йохан,"10,68",Австрия
Рязань,"509,00",Россия
Шарлеруа,"201,30",Бельгия
Лёвен,"7,95",Бельгия
Оран,"771,07",Алжир
Миоры,"8,10",Белоруссия
Скидель,"10,80",Белоруссия
Дарыджа,"139,26",Турция
Марса,"5,39",Мальта
Аликанте,"319,38",Испания
Рафах,"34,06",Египет
Газиантеп,"1279,61",Турция
Обнинск,"105,60",Россия
Маасейк,"19,11",Бельгия
Кембридж,"120,00",Англия
Кус,"64,32",Египет
Норильск,"202,00",Россия
Батман,"303,66",Турция
Тонгерен,"10,15",Бельгия
Намюр,"25,62",Бельгия
Маасейк,"31,90",Бельгия
Шибин-Эль-Ком,"183,55",Египет
Ипр,"34,90",Бельгия
Винчестер,"111,30",Англия
Краснодар,"713,00",Россия
Таганрог,"255,00",Россия
Несвиж,"14,10",Белоруссия
Салерно,"140,49",Италия
Брун-ам-Гебирге,"10,58",Австрия
Вёрне,"10,86",Бельгия
Слуцк,"61,40",Белоруссия
Измит,"290,47",Турция
Нюрнберг,"503,64",Германия
Перт,"1554,77",Австралия
Малатья,"403,15",Турция
Орду,"130,56",Турция
Кобрин,"51,20",Белоруссия
Сиди-Бель-Аббес,"208,50",Алжир
Ганцевичи,"13,90",Белоруссия
Блуденц,"13,89",Австрия
Банжул,"34,13",Гамбия
Дисук,"112,63",Египет
Абу-Родес,"13,15",Египет
Килис,"79,69",Турция
Туггурт,"153,62",Алжир
Мядель,"7,00",Белоруссия
Бад-Фёслау,"11,22",Австрия
Кальюб,"110,16",Египет
Ламин,"27,86",Гамбия
Кардифф,"317,50",Уэльс
Клагенфурт,"92,40",Австрия
Щучин,"15,00",Белоруссия
Оксфорд,"151,00",Англия
Или,"15,10",Англия
Каир,"8105,07",Египет
Неаполь,"968,34",Италия
Виченца,"114,76",Италия
Вервье,"9,17",Бельгия
Меллиха,"7,55",Мальта
Сивас,"282,98",Турция
Хабаровск,"581,00",Россия
Давид-Городок,"6,50",Белоруссия
Виктория,"6,41",Мальта
Эль-Ариш,"155,64",Египет
Свислочь,"6,90",Белоруссия
Омск,"1128,00",Россия
Филлах,"58,48",Австрия
Клецк,"10,80",Белоруссия
Эс-Саллум,"12,72",Египет
Витория,"226,49",Испания
Карабюк,"103,30",Турция
Бруфут,"22,57",Гамбия
Франкфурт-на-Майне,"664,84",Германия
Смоленск,"314,00",Россия
Березники,"164,00",Россия
Белоозёрск,"12,50",Белоруссия
Зеббудж,"11,29",Мальта
Баден,"25,28",Австрия
Иркутск,"581,00",Россия
Анталья,"945,05",Турция
Престон,"131,90",Англия
Терни,"111,70",Италия
Нефтеюганск,"119,00",Россия
Лука,"6,03",Мальта
Хасселт,"38,25",Бельгия
Первоуральск,"134,00",Россия
Падуя,"211,72",Италия
Эль-Хусейния,"34,11",Египет
Севилья,"704,15",Испания
Солигорск,"102,30",Белоруссия
Миасс,"152,00",Россия
Порт-Саид,"607,35",Египет
Кострома,"270,00",Россия
Болу,"119,81",Турция
Кричев,"27,10",Белоруссия
Рим,"2711,49",Италия
Ат,"26,80",Бельгия
Санта-Крус-де-Тенерифе,"221,57",Испания
Эсна,"70,92",Египет
Ла-Гулетт,"89,56",Тунис
Гирга,"106,45",Египет
Сызрань,"179,00",Россия
Суаньи,"20,31",Бельгия
Голд-Кост — Туид-Хедс,"583,66",Австралия
Рас аль-Барр,"12,64",Египет
Новара,"103,18",Италия
Ван (город),"352,29",Турция
Коломна,"148,00",Россия
Чита,"309,00",Россия
Марш-ан-Фаменн,"10,53",Бельгия
Сент-Олбанс,"64,04",Англия
Йорк,"193,30",Англия
Таунсвилл,"157,17",Австралия
Льеж,"16,82",Бельгия
Ушак,"173,40",Турция
Бийск,"220,00",Россия
Городок,"12,90",Белоруссия
Накада,"22,58",Египет
Таршин,"7,61",Мальта
Текирдаг,"142,60",Турция
Швац,"12,64",Австрия
Дзержинск,"25,20",Белоруссия
Балыкесир,"252,74",Турция
Олбери — Уодонга,"101,84",Австралия
Узда,"9,70",Белоруссия
Волжский,"305,00",Россия
Ковров,"148,00",Россия
Нивель,"32,20",Бельгия
Киев,"2797,50",Украина
Антакья,"190,38",Турция
Ансфельден,"15,71",Австрия
Эксетер,"122,40",Англия
Мурсия,"409,81",Испания
Труро,"20,92",Англия
Бизерта,"114,37",Тунис
Дрезден,"512,23",Германия
Динан,"13,01",Бельгия
Сент-Дейвидс,"1,80",Уэльс
Челябинск,"1096,00",Россия
Измир,"2699,72",Турция
Гардая,"127,17",Алжир
Ат,"6,20",Бельгия
Мангейм,"311,34",Германия
Брюгге,"117,22",Бельгия
Сургут,"302,00",Россия
Махачкала,"469,00",Россия
Белфаст,"276,46",Северная Ирландия
Шахты,"245,00",Россия
Брук-на-Муре,"13,30",Австрия
Женева,"183,29",Швейцария
Зифта,"100,67",Египет
Петрозаводск,"271,00",Россия
Амштеттен,"23,04",Австрия
Ульяновск,"603,00",Россия
Гродно,"328,00",Белоруссия
Кальяри,"157,64",Италия
Хасселт,"63,79",Бельгия
Латина,"116,84",Италия
Лёвен,"90,71",Бельгия
Абердин,"192,08",Шотландия
Оренбург,"526,00",Россия
Асуан,"281,89",Египет
Набережные Челны,"510,00",Россия
Эль-Фатх,"14,78",Египет
Льеж,"186,81",Бельгия
Элиста,"103,00",Россия
Старые Дороги,"11,00",Белоруссия
Марсаскала,"9,30",Мальта
Рид,"11,59",Австрия
Санкт-Петербург,"4600,00",Россия
Лустенау,"20,61",Австрия
Бад Ишль,"14,09",Австрия
Хеншела,"138,75",Алжир
Малага,"558,29",Испания
Ошмяны,"14,80",Белоруссия
Мит-Гамр,"120,95",Египет
Новокуйбышевск,"110,40",Россия
Эттедхамен,"118,49",Тунис
Нойнкирхен,"12,15",Австрия
Тренто,"113,34",Италия
Ухта,"103,70",Россия
Дюздже,"121,22",Турция
Барнаул,"598,00",Россия
Аделаида,"1158,26",Австралия
Нёшато,"6,54",Бельгия
Эдфу,"128,00",Египет
Динан,"14,96",Бельгия
Воложин,"10,60",Белоруссия
Сива,"18,63",Египет
Эль-Уэд,"133,93",Алжир
Барановичи,"168,20",Белоруссия
Нижний Тагил,"373,00",Россия
Перуджа,"164,60",Италия
Чичестер,"23,73",Англия
Стерлинг,"41,24",Шотландия
Маасейк,"15,81",Бельгия
Пескара,"123,06",Италия
Ливерпуль,"435,50",Англия
Златоуст,"187,00",Россия
Магнитогорск,"410,00",Россия
Бормла,"5,64",Мальта
Заббар,"14,69",Мальта
Нивель,"29,52",Бельгия
Кавм Умбу,"75,13",Египет
Бобруйск,"215,10",Белоруссия
Мистельбах-ан-дер-Цайя,"11,04",Австрия
Биба,"60,97",Египет
Ипр,"0,99",Бельгия
Сиракуза,"124,02",Италия
Батна,"317,21",Алжир
Минск,"1834,20",Белоруссия
Брэдфорд,"497,40",Англия
Самсун,"463,50",Турция
Бакау,"48,42",Гамбия
Владивосток,"578,00",Россия
Ариана,"240,75",Тунис
Чашники,"9,20",Белоруссия
Льеж,"37,69",Бельгия
Менемен,"117,86",Турция
Марш-ан-Фаменн,"4,27",Бельгия
Карлайл,"103,50",Англия
Глостер,"123,21",Англия
Волгоград,"980,00",Россия
Арма,"14,59",Северная Ирландия
Тлемсен,"172,54",Алжир
Штайр,"38,98",Австрия
Эль-Минья,"253,77",Египет
Эрзерум,"358,34",Турция
Елец,"110,40",Россия
Бат,"80,00",Англия
Варем,"14,05",Бельгия
Халле-Вилворде,"34,88",Бельгия
Быхов,"17,00",Белоруссия
Эль-Махалла-эль-Кубра,"458,30",Египет
Уэйкфилд,"321,60",Англия
Сарагоса,"647,37",Испания
Силиври,"117,29",Турция
Брешиа,"190,49",Италия
Славгород,"7,90",Белоруссия
Кортрейк,"73,66",Бельгия
Валенсия,"796,55",Испания
Химки,"189,00",Россия
Филипвиль,"13,48",Бельгия
Люберцы,"158,00",Россия
Воллонгонг,"280,16",Австралия
Саутгемптон,"228,60",Англия
Улан-Удэ,"377,00",Россия
Дикирнис,"64,39",Египет
Триест,"205,53",Италия
Лагуат,"126,29",Алжир
Эйн-Уссера,"134,17",Алжир
Столин,"12,40",Белоруссия
Черкесск,"116,50",Россия
Верхнедвинск,"7,30",Белоруссия
Монс,"91,22",Бельгия
Амасья,"78,549",Турция
Палермо,"661,73",Италия
Лида,"97,60",Белоруссия
Остенде,"68,93",Бельгия
Вена,"1664,15",Австрия
Лисберн,"71,46",Северная Ирландия
Глазго,"580,69",Шотландия
Калинковичи,"38,40",Белоруссия
Акхисар,"102,45",Турция
Карс,"73,59",Турция
Бююкчекмедже,"181,61",Турция
Баб-Аззур,"115,44",Алжир
Балашиха,"198,00",Россия
Йошкар-Ола,"249,00",Россия
Пальма-де-Майорка,"375,77",Испания
Бени-Суэйф,"225,79",Египет
Релизан,"126,79",Алжир
Берлин,"3431,68",Германия
Сук-Ахрас,"148,33",Алжир
Мезитли,"121,24",Турция
Невинномысск,"128,00",Россия
Вервье,"18,25",Бельгия
Арзамас,"105,30",Россия
Глубокое,"18,20",Белоруссия
Трайскирхен,"16,50",Австрия
Рабат,"11,46",Мальта
Вервье,"53,60",Бельгия
Сетиф,"246,38",Алжир
Тюрнхаут,"26,07",Бельгия
Мадрид,"3155,36",Испания
Уэллс,"10,41",Англия
Тургутлу,"117,80",Турция
Жлобин,"75,70",Белоруссия
Петриков,"10,50",Белоруссия
Бискра,"207,99",Алжир
Луксор,"487,90",Египет
Фельдкирх,"30,09",Австрия
Барань,"11,60",Белоруссия
Дятлово,"7,80",Белоруссия
Флоренция,"365,80",Италия
Житковичи,"15,90",Белоруссия
Новошахтинск,"113,00",Россия
Казань,"1137,00",Россия
Синнурис,"87,64",Египет
Авсим,"73,84",Египет
Нёшато,"5,46",Бельгия
Эль-Идва,"17,11",Египет
Дербент,"112,50",Россия
Абу-Каркас,"60,51",Египет
Блида,"264,60",Алжир
Маасейк,"23,63",Бельгия
Назилли,"110,44",Турция
Перхтольдсдорф,"14,49",Австрия
Линц,"188,89",Австрия
Суонси,"228,10",Уэльс
Корнойбург,"11,74",Австрия
Питерборо,"163,30",Англия
Ньюкасл,"523,66",Австралия
Великий Новгород,"215,00",Россия
Реджо-Эмилия,"164,20",Италия
Нижневартовск,"250,00",Россия
Череповец,"310,00",Россия
Катания,"297,84",Италия
Сафага,"40,90",Египет
Сукута,"16,15",Гамбия
Испарта,"166,90",Турция
Виртон,"11,17",Бельгия
Бани Мазар,"90,87",Египет
Базель,"164,94",Швейцария
Фаниполь,"12,70",Белоруссия
Сток-он-Трент,"239,70",Англия
Оспиталет,"252,88",Испания
Подольск,"183,00",Россия
Лёвен,"22,74",Бельгия
Хамрун,"9,51",Мальта
Эйн-Бейда,"114,11",Алжир
Экло,"19,54",Бельгия
Лепель,"17,40",Белоруссия
Орша,"117,20",Белоруссия
Брест,"310,80",Белоруссия
Модена,"181,39",Италия
Абакан,"164,00",Россия
Эльче,"215,14",Испания
Велингара,"11,11",Гамбия
Даманхур,"252,02",Египет
Зальфельден,"15,73",Австрия
Санкт-Пёльтен,"51,36",Австрия
Бастонь,"14,14",Бельгия
Ангарск,"241,00",Россия
Столбцы,"15,40",Белоруссия
Дарвин,"117,40",Австралия
Дрогичин,"14,60",Белоруссия
Молодечно,"94,20",Белоруссия
Брикама,"83,76",Гамбия
Шанлыурфа,"465,75",Турция
Копейск,"137,00",Россия
Билефельд,"323,62",Германия
Халлайн,"19,17",Австрия
Лёвен,"14,68",Бельгия
Кемерово,"521,00",Россия
Корми,"16,58",Мальта
Кисловодск,"129,00",Россия
Лиенц,"12,13",Австрия
Екатеринбург,"1344,00",Россия
Серпухов,"123,00",Россия
Междуреченск,"104,00",Россия
Мостагнем,"140,25",Алжир
Брегенц,"27,15",Австрия
Пинск,"130,60",Белоруссия
Рипон,"15,92",Англия
Тельфс,"14,44",Австрия
Чебоксары,"448,00",Россия
Батайск,"104,00",Россия
Шарлеруа,"16,69",Бельгия
Санта-Венера,"6,09",Мальта
Мёдлинг,"20,65",Австрия
Слоним,"48,80",Белоруссия
Монца,"121,10",Италия
Тиарет,"198,21",Алжир
Бастонь,"4,75",Бельгия
Бирмингем,"1010,00",Англия
Горки,"32,60",Белоруссия
Волгодонск,"169,00",Россия
Эль-Ашир-мин-Рамадан,"167,22",Египет
Брюгге,"18,18",Бельгия
Дейр-Мавас,"43,65",Египет
Бордж-эль-Киффан,"122,88",Алжир
Ижевск,"611,00",Россия
Генуя,"611,68",Италия
Канберра — Куинбиан,"388,07",Австралия
Ельск,"9,70",Белоруссия
Лейпциг,"515,47",Германия
Инвернесс,"51,83",Шотландия
Аннаба,"383,50",Алжир
Турне,"7,55",Бельгия
Мерсин,"700,74",Турция
Синт-Никлас,"37,85",Бельгия
Хоэнемс,"14,86",Австрия
Медина-Ситтат-Октобер,"215,65",Египет
Гебзе,"277,93",Турция
Шклов,"16,40",Белоруссия
Чаусы,"10,60",Белоруссия
Дайрут,"80,68",Египет
Калуга,"328,00",Россия
Кютахья,"191,30",Турция
Новосибирск,"1409,00",Россия
Сыктывкар,"236,00",Россия
Таранто,"194,86",Италия
Прато,"185,22",Италия
Турне,"13,22",Бельгия
Айдын,"174,27",Турция
Инегёль,"162,45",Турция
Костюковичи,"15,90",Белоруссия
Фоджа,"153,36",Италия
Верона,"264,87",Италия
Ла-Марса,"77,89",Тунис
Рогачёв,"33,60",Белоруссия
Кёльн,"995,42",Германия
Бильбао,"353,17",Испания
Новомосковск,"131,00",Россия
Мосты,"16,60",Белоруссия
Кена,"222,72",Египет
Бадалона,"218,55",Испания
Тюэн,"14,63",Бельгия
Брисбен,"1867,59",Австралия
Вельс,"58,62",Австрия
Благовещенск,"206,00",Россия
Люцерн,"59,24",Швейцария
Салават,"156,00",Россия
Эскишехир,"618,18",Турция
Гёльджюк,"133,13",Турция
Бендиго,"8,65",Австралия
Джельфа,"221,23",Алжир
Алст,"31,38",Бельгия
Бари,"321,75",Италия
Минья-эль-Камх,"64,85",Египет
Белгород,"363,00",Россия
Монс,"22,47",Бельгия
Беджая,"182,13",Алжир
Абу Тидж,"75,36",Египет
Маниса,"276,04",Турция
Нефтекамск,"119,50",Россия
Вервье,"5,62",Бельгия
Намюр,"107,18",Бельгия
Дзержинск,"244,00",Россия
Воронеж,"848,00",Россия
Тонгерен,"30,06",Бельгия
Комсомольск-на-Амуре,"270,00",Россия
Аттард,"10,19",Мальта
Фельдкирхен,"14,30",Австрия
Файюм,"338,96",Египет
Вайдхофен-на-Ибсе,"11,67",Австрия
Красногорск,"104,00",Россия
Дериндже,"122,27",Турция
Эль-Муруж,"81,99",Тунис
Нижнекамск,"227,00",Россия
Джейхан,"100,28",Турция
Тульн-на-Дунае,"14,19",Австрия
Докшицы,"6,60",Белоруссия
Наровля,"8,10",Белоруссия
Эль-Кусейр,"44,44",Египет
Кордова,"321,16",Испания
Больцано,"101,42",Италия
Чекмекёй,"149,49",Турция
Мельбурн,"3806,09",Австралия
Жодино,"61,80",Белоруссия
Аксарай,"169,08",Турция
Хасселт,"8,62",Бельгия
Матарийя,"105,41",Египет
Крупки,"8,60",Белоруссия
Лёвен,"22,06",Бельгия
Лунинец,"23,60",Белоруссия
Парма,"180,94",Италия
Кайсери,"786,64",Турция
Турне,"67,53",Бельгия
Шпитталь,"15,94",Австрия
Вираншехир,"74,281",Турция
Гамбург,"1772,10",Германия
Кафр-эш-Шейх,"156,08",Египет
Эдинбург,"468,07",Шотландия
Хасселт,"11,80",Бельгия
Светлогорск,"69,90",Белоруссия
Шарлеруа,"35,62",Бельгия
Альметьевск,"142,00",Россия
Сандерленд,"280,30",Англия
Бейла,"71,35",Египет
Октябрьский,"109,70",Россия
Ковентри,"306,70",Англия
Леондинг,"23,62",Австрия
Поставы,"19,80",Белоруссия
Нема-Кунку,"25,69",Гамбия
Тувумба,"123,41",Австралия
Айзенштадт,"12,37",Австрия
Куфштайн,"16,46",Австрия
Гзира,"7,09",Мальта
Речица,"64,60",Белоруссия
Фува,"66,84",Египет
Грац,"247,70",Австрия
Элязыг,"305,79",Турция
Суаньи,"11,98",Бельгия
Санкт-Файт-ан-дер-Глан,"12,99",Австрия
Чечерск,"8,00",Белоруссия
Пьяченца,"101,13",Италия
Эш-Шалатин,"11,70",Египет
Электросталь,"146,00",Россия
Кирдасах,"84,52",Египет
Имбаба,"12,67",Египет
Мерса-Матрух,"156,95",Египет
Биркиркара,"21,78",Мальта
Барселона,"1593,08",Испания
Моста,"18,68",Мальта
Ноттингем,"288,70",Англия
Сидней,"4336,37",Австралия
Овьедо,"212,17",Испания
Солфорд,"219,20",Англия
Сус,"173,05",Тунис
Витебск,"348,80",Белоруссия
Медеа,"155,85",Алжир
Стерлитамак,"272,00",Россия
Эш-Шелифф (Эль-Аснам),"235,06",Алжир
Аль-Харга,"65,49",Египет
Скикда,"178,69",Алжир
Мытищи,"165,00",Россия
Асьют,"403,20",Египет
Клостернойбург,"25,22",Австрия
Червень,"10,10",Белоруссия
Дорнбирн,"44,24",Австрия
Санкт-Андре,"10,56",Австрия
Халле-Вилворде,"37,32",Бельгия
Нивель,"12,44",Бельгия
Тюрнхаут,"18,58",Бельгия
Бристоль,"416,40",Англия
Заказик,"314,33",Египет
Атфих,"15,16",Египет
Тюэн,"9,77",Бельгия
Гётцис,"10,55",Австрия
Нёшато,"5,72",Бельгия
Паола,"8,86",Мальта
Виртон,"5,45",Бельгия
Болонья,"374,65",Италия
Кремс,"23,93",Австрия
Хард,"12,05",Австрия
Жуковский,"105,00",Россия
Милан,"1296,67",Италия
Ахмим,"107,61",Египет
Терниц,"15,07",Австрия
Тюрнхаут,"39,79",Бельгия
Мускрон,"52,83",Бельгия
Тахта,"89,95",Египет
Сассари,"130,17",Италия
Пермь,"987,00",Россия
Биль (Бьенн),"50,01",Швейцария
Петропавловск-Камчатский,"194,00",Россия
Мсила,"140,05",Алжир
Балларат,"89,67",Австралия
Магагах,"81,49",Египет
Ганновер,"519,62",Германия
Джилонг,"169,54",Австралия
Камышин,"116,00",Россия
Леобен,"25,23",Австрия
Находка,"166,00",Россия
Москва,"10563,00",Россия
Вестминстер,"234,10",Англия
Уаргла,"183,24",Алжир
Идку,"101,23",Египет
Арлон,"26,37",Бельгия
Ипр,"17,61",Бельгия
Гельма,"133,13",Алжир
Синт-Никлас,"69,73",Бельгия
Дендермонде,"43,35",Бельгия
Алжир,"1518,08",Алжир
Руселаре,"55,78",Бельгия
Адана,"1529,30",Турция
Сома,"75,371",Турция
Диксмёйде,"15,73",Бельгия
Мускрон,"17,56",Бельгия
Хургада,"223,12",Египет
Могилёв,"354,00",Белоруссия
Суэц,"547,35",Египет
Мессина,"243,60",Италия
Цветль,"11,49",Австрия
Капфенберг,"21,93",Австрия
Шубра-эль-Хейма,"1072,95",Египет
Турне,"16,84",Бельгия
Лестер,"292,60",Англия
Сан-Джуанн,"12,63",Мальта
Гент,"233,12",Бельгия
Бордж-Бу-Арреридж,"167,23",Алжир
Турин,"910,44",Италия
Ауденарде,"24,16",Бельгия
Смолевичи,"15,10",Белоруссия
Эт-Тур,"28,28",Египет
Нивель,"24,29",Бельгия
Равенна,"154,56",Италия
Наг-Хаммади,"49,83",Египет
Тула,"492,00",Россия
Ляховичи,"11,00",Белоруссия
Нашшар,"11,95",Мальта
Факус,"88,23",Египет
Кахраманмараш,"390,54",Турция
Остенде,"8,93",Бельгия
Уссурийск,"153,00",Россия
Эдирне,"140,37",Турция
Архангельск,"348,00",Россия
Искендерун,"175,45",Турция
Бельгас,"97,57",Египет
Кличев,"7,50",Белоруссия
Антверпен,"472,53",Бельгия
Вёрне,"11,84",Бельгия
Пурсаклар,"101,58",Турция
Вальс-Зиценхайм,"11,57",Австрия
Ньюри,"27,43",Северная Ирландия
Орск,"245,00",Россия
Вольфсберг,"25,36",Австрия
Вервье,"16,77",Бельгия
Бергамо,"116,40",Италия
Северск,"107,00",Россия
Суаньи,"25,42",Бельгия
Римини,"139,42",Италия
Малорита,"11,70",Белоруссия
Высокое,"5,40",Белоруссия
Сиддживи,"7,90",Мальта
Нижний Новгород,"1271,00",Россия
Армавир,"188,00",Россия
Артём,"101,80",Россия
Южно-Сахалинск,"175,00",Россия
Кырыккале,"191,16",Турция
Бремен,"547,36",Германия
Лозанна,"122,28",Швейцария
Самалут,"96,64",Египет
Вервье,"6,67",Бельгия
Танта,"437,79",Египет
Эссен,"579,76",Германия
Бохум,"378,60",Германия
Льеж,"60,74",Бельгия
Лас-Пальмас-де-Гран-Канария,"378,63",Испания
Ивье,"8,10",Белоруссия
Тимай-эль-Амдид,"14,71",Египет
Бандырма,"112,74",Турция
Эль-Манша,"73,74",Египет
Караман,"131,58",Турция
Берёзовка,"10,80",Белоруссия
Талас,"80,76",Турция
Толочин,"10,20",Белоруссия
Рашид,"73,93",Египет
Денизли,"492,82",Турция
Мурманск,"309,00",Россия
Василевичи,"3,90",Белоруссия
Берёза,"29,40",Белоруссия
Марш-ан-Фаменн,"16,99",Бельгия
Новополоцк,"98,20",Белоруссия
Бейликдюзю,"184,48",Турция
Суаньи,"7,98",Бельгия
Кортрейк,"26,17",Бельгия
Кёфлах,"10,13",Австрия
Гранада,"236,98",Испания
Диярбакыр,"614,31",Турция
Новотроицк,"101,00",Россия
Кызыл,"110,00",Россия
Дар-эс-Салам,"87,02",Египет
Иваново,"16,10",Белоруссия
Феррара,"133,98",Италия
Дортмунд,"584,41",Германия
Халль-ин-Тироль,"12,42",Австрия
Борисов,"147,10",Белоруссия
Тонгерен,"29,69",Бельгия
Вервье,"10,54",Бельгия
Мюнхен,"1326,81",Германия
Чорум,"210,82",Турция
Осиповичи,"32,40",Белоруссия
Солсбери,"45,00",Англия
Бу-Саада,"121,30",Алжир
Вупперталь,"353,31",Германия
Швехат,"16,07",Австрия
Туров,"2,90",Белоруссия
Сан-Пауль-иль-Бахар,"13,62",Мальта
Дарем,"94,30",Англия
Пенза,"506,00",Россия
Штутгарт,"600,07",Германия
Вилейка,"26,80",Белоруссия
Ветка,"8,00",Белоруссия
Алст,"24,55",Бельгия
Линкольн,"87,80",Англия
Владикавказ,"312,00",Россия
Лёвен,"31,84",Бельгия
Виртон,"5,01",Бельгия
Новочеркасск,"177,00",Россия
Александрия,"4388,22",Египет
Копыль,"9,90",Белоруссия
Микашевичи,"13,00",Белоруссия
Минуф,"91,27",Египет
Гафса,"84,68",Тунис
Марьина Горка,"21,40",Белоруссия
Калининград,"419,00",Россия
Мсида,"7,62",Мальта
Кафр-аз-Зият,"77,94",Египет
Добруш,"18,30",Белоруссия
Каменец,"8,40",Белоруссия
Кортрейк,"32,41",Бельгия
Логойск,"10,80",Белоруссия
Ливорно,"161,13",Италия
Валлетта — столица,"6,32",Мальта
Нальчик,"269,00",Россия
Сочи,"342,00",Россия
Венеция,"269,35",Италия
Траун,"23,94",Австрия
Пружаны,"19,00",Белоруссия
Алст,"35,65",Бельгия
Саратов,"827,00",Россия
Портсмут,"197,70",Англия
Кентербери,"148,00",Англия
Майкоп,"155,00",Россия
Астрахань,"506,00",Россия
Чериков,"8,20",Белоруссия
Торбалы,"112,98",Турция
Псков,"192,00",Россия
Шарлеруа,"22,22",Бельгия
Тальха,"74,66",Египет
Санджактепе,"231,45",Турция
Браслав,"9,50",Белоруссия
Кайруан,"117,90",Тунис
Нивель,"14,14",Бельгия
Ярославль,"607,00",Россия
Эль-Джамалия,"65,34",Египет
Балаково,"197,00",Россия
Сфакс,"265,13",Тунис
Остенде,"11,13",Бельгия
Лидс,"761,10",Англия
Лёвен,"27,86",Бельгия
Гиза,"3438,40",Египет
Диксмёйде,"3,31",Бельгия
Адапазары,"399,02",Турция
Честер,"119,90",Англия
Тюрнхаут,"35,19",Бельгия
Липецк,"502,00",Россия
Иваново,"403,00",Россия
Тюмень,"580,00",Россия
Шеффилд,"530,30",Англия
Серекунда,"348,12",Гамбия
Ачинск,"110,00",Россия
Маасейк,"13,77",Бельгия
Кадирли,"76,573",Турция
Бурса,"1642,02",Турция
Энс,"11,14",Австрия
Ла-Корунья,"243,35",Испания
Хасселт,"70,04",Бельгия
Кызылтепе,"123,76",Турция
Ставрополь,"369,00",Россия
Вустер,"93,70",Англия
Динан,"12,04",Бельгия
Энгельс,"209,00",Россия
Новороссийск,"229,00",Россия
Новогрудок,"29,20",Белоруссия
Гунжур,"14,65",Гамбия
Кафр-эд-Даввар,"97,20",Египет
Анкона,"101,61",Италия
Книттельфельд,"11,99",Австрия
Братск,"250,00",Россия
Гомель,"484,30",Белоруссия
Киселёвск,"104,00",Россия
Муром,"117,00",Россия
Кэрнс,"135,86",Австралия
Бешар,"157,43",Алжир
Саншайн-Кост,"230,43",Австралия
Кёрфез,"130,64",Турция
Эль-Ханка,"63,60",Египет
Назрань,"139,00",Россия
Мархтренк,"11,74",Австрия
Суаньи,"77,21",Бельгия
Вологда,"286,00",Россия
Султанбейли,"291,29",Турция
Манфалут,"89,63",Египет
Штоккерау,"15,16",Австрия
Форли,"115,51",Италия
Тейма,"70,93",Египет
Сиирт,"127,33",Турция
Дюссельдорф,"584,22",Германия
Мостолес,"204,46",Испания
Димитровград,"127,50",Россия
Намюр,"21,96",Бельгия
Эсеньюрт,"410,72",Турция
Дерби,"236,30",Англия
Королёв,"176,00",Россия
Бонн,"317,95",Германия
Курск,"414,00",Россия
Бассе-Санта-Су,"15,34",Гамбия
Барика,"114,55",Алжир
Дубровно,"8,00",Белоруссия
Якутск,"268,00",Россия
Ростов-на-Дону,"1048,00",Россия
Томск,"509,00",Россия
Орёл,"317,00",Россия
Брянск,"409,00",Россия
Абу Тишт,"13,98",Египет
Орехово-Зуево,"121,00",Россия
Маасейк,"14,50",Бельгия
Тарсус,"227,02",Турция
Вальядолид,"321,00",Испания
Личфилд,"31,00",Англия
Браунау-на-Инне,"16,33",Австрия
Лугано,"54,44",Швейцария
Думьят,"299,93",Египет
Эль-Эльма,"139,81",Алжир
Гмунден,"13,19",Австрия
Вулвергемптон,"236,00",Англия
Пятигорск,"143,00",Россия
Фёлькермаркт,"11,43",Австрия
Армант,"80,96",Египет
Эль-Мансура,"480,49",Египет
Вервье,"11,83",Бельгия
Северодвинск,"187,00",Россия
Кировск,"8,80",Белоруссия
Грозный,"251,00",Россия
Тверь,"410,00",Россия
Габес,"116,32",Тунис
Гент,"28,32",Бельгия
Санкт-Галлен,"72,04",Швейцария
Коссово,"2,00",Белоруссия
Ноябрьск,"111,00",Россия
Ранквайль,"11,63",Австрия
Жабинка,"13,10",Белоруссия
Ивацевичи,"23,00",Белоруссия
Киров,"464,00",Россия
Бирзеббуджа,"8,67",Мальта
Мехелен,"78,27",Бельгия
Манчестер,"458,10",Англия
Сома,"10,14",Гамбия
Тамбов,"278,00",Россия
Эль-Фашн,"71,25",Египет
Суики,"8,10",Мальта
Березино,"12,00",Белоруссия
Абнуб,"71,87",Египет
Сиверек,"102,86",Турция
Саида,"136,86",Алжир
Тебесса,"203,92",Алжир
Руселаре,"26,54",Бельгия
Ньюпорт,"140,20",Уэльс
Владимир,"338,00",Россия
Джульяно-ин-Кампанья,"113,76",Италия
Токат,"121,00",Турция
Дуйсбург,"494,05",Германия
Константина,"507,22",Алжир
Виго,"293,73",Испания
Эль-Манзала,"80,19",Египет
Лонсестон,"104,07",Австралия
Арнавуткёй,"171,52",Турция
Хобарт,"207,47",Австралия
Прокопьевск,"211,00",Россия
Тольятти,"722,00",Россия
Мессад,"114,63",Алжир
Инсбрук,"117,69",Австрия
Ауденарде,"28,52",Бельгия
Филипвиль,"8,32",Бельгия
Эль-Ваха-эль-Бахария,"11,18",Египет
Зальцбург,"149,02",Австрия
Брайтон и Хоув,"253,50",Англия